,#,G.,Name,Raw Name,Type,Category,Contest,PP,Pwr.,Z Pwr,Lv100 Output,Lv50 Output,Lv100 Output Z,Lv50 Output Z,Acr.,,Item Name,Ability Name,Nature Name
,1,I,NONE,NONE,NONE,Status,,,0,0,0,0,0,0,100%,,Abomasite,Adaptability,Adamant
,1,I,Pound,Pound,Normal,Physical,,,40,100,1680,880,4200,2200,100%,,Abomasite,Adaptability,Adamant
,2,I,Karate Chop,KarateChop,Fighting,Physical,,,50,100,2100,1100,4200,2200,100%,,Absolite,Aerilate,Bashful
,3,I,Double Slap,DoubleSlap,Normal,Physical,,,15,100,630,330,4200,2200,85%,,Absorb Bulb,Aftermath,Bold
,4,I,Comet Punch,CometPunch,Normal,Physical,,,18,100,756,396,4200,2200,85%,,Adamant Orb,Air Lock,Brave
,5,I,Mega Punch,MegaPunch,Normal,Physical,,,80,160,3360,1760,6720,3520,85%,,Adrenaline Orb,Analytic,Calm
,6,I,Pay Day,PayDay,Normal,Physical,,,40,100,1680,880,4200,2200,100%,,Aerodactylite,Anger Point,Careful
,87,I,Thunder,Thunder,Electric,Special,,,110,185,4620,2420,7770,4070,70%,,Dubious Disc,Hunger Switch,
,7,I,Fire Punch,FirePunch,Fire,Physical,,,75,140,3150,1650,5880,3080,100%,,Aggronite,Anticipation,Docile
,8,I,Ice Punch,IcePunch,Ice,Physical,,,75,140,3150,1650,5880,3080,100%,,Aguav Berry,Arena Trap,Gentle
,9,I,Thunder Punch,ThunderPunch,Electric,Physical,,,75,140,3150,1650,5880,3080,100%,,Air Balloon,Aroma Veil,Hardy
,10,I,Scratch,Scratch,Normal,Physical,,,40,100,1680,880,4200,2200,100%,,Alakazite,As One (Glastrier),Hasty
,11,I,Vise Grip,ViseGrip,Normal,Physical,,,55,100,2310,1210,4200,2200,100%,,Aloraichium Z,As One (Spectrier),Impish
,12,I,Guillotine,Guillotine,Normal,Physical,,,0,0,0,0,0,0,30%,,Altarianite,Aura Break,Jolly
,13,I,Razor Wind,RazorWind,Normal,Special,,,80,160,3360,1760,6720,3520,100%,,Ampharosite,Bad Dreams,Lax
,14,I,Swords Dance,SwordsDance,Normal,Status,,,0,0,0,0,0,0,0%,,Apicot Berry,Ball Fetch,Lonely
,15,I,Cut,Cut,Normal,Physical,,,50,100,2100,1100,4200,2200,95%,,Armor Fossil,Battery,Mild
,16,I,Gust,Gust,Flying,Special,,,40,100,1680,880,4200,2200,100%,,Aspear Berry,Battle Armor,Modest
,17,I,Wing Attack,WingAttack,Flying,Physical,,,60,120,2520,1320,5040,2640,100%,,Assault Vest,Battle Bond,Naive
,18,I,Whirlwind,Whirlwind,Normal,Status,,,0,0,0,0,0,0,0%,,Audinite,Beast Boost,Naughty
,19,I,Fly,Fly,Flying,Physical,,,90,175,3780,1980,7350,3850,95%,,Babiri Berry,Berserk,Quiet
,20,I,Bind,Bind,Normal,Physical,,,15,100,630,330,4200,2200,85%,,Banettite,Big Pecks,Quirky
,21,I,Slam,Slam,Normal,Physical,,,80,160,3360,1760,6720,3520,75%,,Beast Ball,Blaze,Rash
,22,I,Vine Whip,VineWhip,Grass,Physical,,,45,100,1890,990,4200,2200,100%,,Beedrillite,Bulletproof,Relaxed
,23,I,Stomp,Stomp,Normal,Physical,,,65,120,2730,1430,5040,2640,100%,,Belue Berry,Cheek Pouch,Sassy
,24,I,Double Kick,DoubleKick,Fighting,Physical,,,30,100,1260,660,4200,2200,100%,,Berry Juice,Chilling Neigh,Serious
,25,I,Mega Kick,MegaKick,Normal,Physical,,,120,190,5040,2640,7980,4180,75%,,Berry Sweet,Chlorophyll,Timid
,26,I,Jump Kick,JumpKick,Fighting,Physical,,,100,180,4200,2200,7560,3960,95%,,Big Root,Clear Body,
,27,I,Rolling Kick,RollingKick,Fighting,Physical,,,60,120,2520,1320,5040,2640,85%,,Binding Band,Cloud Nine,
,28,I,Sand Attack,SandAttack,Ground,Status,,,0,0,0,0,0,0,100%,,Black Belt,Color Change,
,29,I,Headbutt,Headbutt,Normal,Physical,,,70,140,2940,1540,5880,3080,100%,,Black Sludge,Comatose,
,30,I,Horn Attack,HornAttack,Normal,Physical,,,65,120,2730,1430,5040,2640,100%,,Black Glasses,Competitive,
,31,I,Fury Attack,FuryAttack,Normal,Physical,,,15,100,630,330,4200,2200,85%,,Blastoisinite,Compound Eyes,
,32,I,Horn Drill,HornDrill,Normal,Physical,,,0,0,0,0,0,0,30%,,Blazikenite,Contrary,
,33,I,Tackle,Tackle,Normal,Physical,,,40,100,1680,880,4200,2200,100%,,Blue Orb,Corrosion,
,381,IV,Feint,Feint,Normal,Physical,,,30,100,1260,660,4200,2200,100%,,TR03,,
,34,I,Body Slam,BodySlam,Normal,Physical,,,85,160,3570,1870,6720,3520,100%,,Bluk Berry,Cotton Down,
,35,I,Wrap,Wrap,Normal,Physical,,,15,100,630,330,4200,2200,90%,,Blunder Policy,Curious Medicine,
,36,I,Take Down,TakeDown,Normal,Physical,,,90,175,3780,1980,7350,3850,85%,,Bottle Cap,Cursed Body,
,37,I,Thrash,Thrash,Normal,Physical,,,120,190,5040,2640,7980,4180,100%,,Bright Powder,Cute Charm,
,38,I,Double-Edge,DoubleEdge,Normal,Physical,,,120,190,5040,2640,7980,4180,100%,,Bug Gem,Damp,
,39,I,Tail Whip,TailWhip,Normal,Status,,,0,0,0,0,0,0,100%,,Bug Memory,Dancer,
,40,I,Poison Sting,PoisonSting,Poison,Physical,,,15,100,630,330,4200,2200,100%,,Buginium Z,Dark Aura,
,41,I,Twineedle,Twineedle,Bug,Physical,,,25,100,1050,550,4200,2200,100%,,Burn Drive,Dauntless Shield,
,42,I,Pin Missile,PinMissile,Bug,Physical,,,25,100,1050,550,4200,2200,95%,,Cameruptite,Dazzling,
,43,I,Leer,Leer,Normal,Status,,,0,0,0,0,0,0,100%,,Cell Battery,Defeatist,
,44,I,Bite,Bite,Dark,Physical,,,60,120,2520,1320,5040,2640,100%,,Charcoal,Defiant,
,45,I,Growl,Growl,Normal,Status,,,0,0,0,0,0,0,100%,,Charizardite X,Delta Stream,
,46,I,Roar,Roar,Normal,Status,,,0,0,0,0,0,0,0%,,Charizardite Y,Desolate Land,
,47,I,Sing,Sing,Normal,Status,,,0,0,0,0,0,0,55%,,Charti Berry,Disguise,
,48,I,Supersonic,Supersonic,Normal,Status,,,0,0,0,0,0,0,55%,,Cheri Berry,Download,
,49,I,Sonic Boom,SonicBoom,Normal,Special,,,0,0,0,0,0,0,90%,,Cherish Ball,Dragons Maw,
,50,I,Disable,Disable,Normal,Status,,,0,0,0,0,0,0,100%,,Chesto Berry,Drizzle,
,51,I,Acid,Acid,Poison,Special,,,40,100,1680,880,4200,2200,100%,,Chilan Berry,Drought,
,52,I,Ember,Ember,Fire,Special,,,40,100,1680,880,4200,2200,100%,,Chill Drive,Dry Skin,
,53,I,Flamethrower,Flamethrower,Fire,Special,,,90,175,3780,1980,7350,3850,100%,,Chipped Pot,Early Bird,
,54,I,Mist,Mist,Ice,Status,,,0,0,0,0,0,0,0%,,Choice Band,Effect Spore,
,55,I,Water Gun,WaterGun,Water,Special,,,40,100,1680,880,4200,2200,100%,,Choice Scarf,Electric Surge,
,56,I,Hydro Pump,HydroPump,Water,Special,,,110,185,4620,2420,7770,4070,80%,,Choice Specs,Emergency Exit,
,57,I,Surf,Surf,Water,Special,,,90,175,3780,1980,7350,3850,100%,,Chople Berry,Fairy Aura,
,58,I,Ice Beam,IceBeam,Ice,Special,,,90,175,3780,1980,7350,3850,100%,,Claw Fossil,Filter,
,59,I,Blizzard,Blizzard,Ice,Special,,,110,185,4620,2420,7770,4070,70%,,Clover Sweet,Flame Body,
,60,I,Psybeam,Psybeam,Psychic,Special,,,65,120,2730,1430,5040,2640,100%,,Coba Berry,Flare Boost,
,61,I,Bubble Beam,BubbleBeam,Water,Special,,,65,120,2730,1430,5040,2640,100%,,Colbur Berry,Flash Fire,
,62,I,Aurora Beam,AuroraBeam,Ice,Special,,,65,120,2730,1430,5040,2640,100%,,Cornn Berry,Flower Gift,
,63,I,Hyper Beam,HyperBeam,Normal,Special,,,150,200,6300,3300,8400,4400,90%,,Cover Fossil,Flower Veil,
,64,I,Peck,Peck,Flying,Physical,,,35,100,1470,770,4200,2200,100%,,Cracked Pot,Fluffy,
,65,I,Drill Peck,DrillPeck,Flying,Physical,,,80,160,3360,1760,6720,3520,100%,,Custap Berry,Forecast,
,66,I,Submission,Submission,Fighting,Physical,,,80,160,3360,1760,6720,3520,80%,,Damp Rock,Forewarn,
,67,I,Low Kick,LowKick,Fighting,Physical,,,0,160,0,0,6720,3520,100%,,Dark Gem,Friend Guard,
,68,I,Counter,Counter,Fighting,Physical,,,0,0,0,0,0,0,100%,,Dark Memory,Frisk,
,69,I,Seismic Toss,SeismicToss,Fighting,Physical,,,0,0,0,0,0,0,100%,,Darkinium Z,Full Metal Body,
,70,I,Strength,Strength,Normal,Physical,,,80,160,3360,1760,6720,3520,100%,,Dawn Stone,Fur Coat,
,71,I,Absorb,Absorb,Grass,Special,,,20,100,840,440,4200,2200,100%,,Decidium Z,Gale Wings,
,72,I,Mega Drain,MegaDrain,Grass,Special,,,40,100,1680,880,4200,2200,100%,,Deep Sea Scale,Galvanize,
,73,I,Leech Seed,LeechSeed,Grass,Status,,,0,0,0,0,0,0,90%,,Deep Sea Tooth,Gluttony,
,74,I,Growth,Growth,Normal,Status,,,0,0,0,0,0,0,0%,,Destiny Knot,Gooey,
,75,I,Razor Leaf,RazorLeaf,Grass,Physical,,,55,100,2310,1210,4200,2200,95%,,Diancite,Gorilla Tactics,
,76,I,Solar Beam,SolarBeam,Grass,Special,,,120,190,5040,2640,7980,4180,100%,,Dive Ball,Grass Pelt,
,77,I,Poison Powder,PoisonPowder,Poison,Status,,,0,0,0,0,0,0,75%,,Dome Fossil,Grassy Surge,
,78,I,Stun Spore,StunSpore,Grass,Status,,,0,0,0,0,0,0,75%,,Douse Drive,Grim Neigh,
,79,I,Sleep Powder,SleepPowder,Grass,Status,,,0,0,0,0,0,0,75%,,Draco Plate,Gulp Missile,
,80,I,Petal Dance,PetalDance,Grass,Special,,,120,190,5040,2640,7980,4180,100%,,Dragon Fang,Guts,
,81,I,String Shot,StringShot,Bug,Status,,,0,0,0,0,0,0,95%,,Dragon Gem,Harvest,
,82,I,Dragon Rage,DragonRage,Dragon,Special,,,0,0,0,0,0,0,100%,,Dragon Memory,Healer,
,83,I,Fire Spin,FireSpin,Fire,Special,,,35,100,1470,770,4200,2200,85%,,Dragon Scale,Heatproof,
,87,I,Thunder,Thunder,Electric,Special,,,110,185,4620,2420,7770,4070,70%,,Dubious Disc,Hunger Switch,
,84,I,Thunder Shock,ThunderShock,Electric,Special,,,40,100,1680,880,4200,2200,100%,,Dragonium Z,Heavy Metal,
,85,I,Thunderbolt,Thunderbolt,Electric,Special,,,90,175,3780,1980,7350,3850,100%,,Dread Plate,Honey Gather,
,86,I,Thunder Wave,ThunderWave,Electric,Status,,,0,0,0,0,0,0,90%,,Dream Ball,Huge Power,
,88,I,Rock Throw,RockThrow,Rock,Physical,,,50,100,2100,1100,4200,2200,90%,,Durin Berry,Hustle,
,89,I,Earthquake,Earthquake,Ground,Physical,,,100,180,4200,2200,7560,3960,100%,,Dusk Ball,Hydration,
,90,I,Fissure,Fissure,Ground,Physical,,,0,0,0,0,0,0,30%,,Dusk Stone,Hyper Cutter,
,91,I,Dig,Dig,Ground,Physical,,,80,160,3360,1760,6720,3520,100%,,Earth Plate,Ice Body,
,92,I,Toxic,Toxic,Poison,Status,,,0,0,0,0,0,0,90%,,Eevium Z,Ice Face,
,93,I,Confusion,Confusion,Psychic,Special,,,50,100,2100,1100,4200,2200,100%,,Eject Button,Ice Scales,
,94,I,Psychic,Psychic,Psychic,Special,,,90,175,3780,1980,7350,3850,100%,,Eject Pack,Illuminate,
,95,I,Hypnosis,Hypnosis,Psychic,Status,,,0,0,0,0,0,0,60%,,Electirizer,Illusion,
,96,I,Meditate,Meditate,Psychic,Status,,,0,0,0,0,0,0,0%,,Electric Gem,Immunity,
,97,I,Agility,Agility,Psychic,Status,,,0,0,0,0,0,0,0%,,Electric Memory,Imposter,
,98,I,Quick Attack,QuickAttack,Normal,Physical,,,40,100,1680,880,4200,2200,100%,,Electric Seed,Infiltrator,
,99,I,Rage,Rage,Normal,Physical,,,20,100,840,440,4200,2200,100%,,Electrium Z,Innards Out,
,100,I,Teleport,Teleport,Psychic,Status,,,0,0,0,0,0,0,0%,,Energy Powder,Inner Focus,
,101,I,Night Shade,NightShade,Ghost,Special,,,0,0,0,0,0,0,100%,,Enigma Berry,Insomnia,
,102,I,Mimic,Mimic,Normal,Status,,,0,0,0,0,0,0,0%,,Eviolite,Intimidate,
,103,I,Screech,Screech,Normal,Status,,,0,0,0,0,0,0,85%,,Expert Belt,Intrepid Sword,
,104,I,Double Team,DoubleTeam,Normal,Status,,,0,0,0,0,0,0,0%,,Fairium Z,Iron Barbs,
,105,I,Recover,Recover,Normal,Status,,,0,0,0,0,0,0,0%,,Fairy Gem,Iron Fist,
,106,I,Harden,Harden,Normal,Status,,,0,0,0,0,0,0,0%,,Fairy Memory,Justified,
,107,I,Minimize,Minimize,Normal,Status,,,0,0,0,0,0,0,0%,,Fast Ball,Keen Eye,
,108,I,Smokescreen,Smokescreen,Normal,Status,,,0,0,0,0,0,0,100%,,Fighting Gem,Klutz,
,109,I,Confuse Ray,ConfuseRay,Ghost,Status,,,0,0,0,0,0,0,100%,,Fighting Memory,Leaf Guard,
,110,I,Withdraw,Withdraw,Water,Status,,,0,0,0,0,0,0,0%,,Fightinium Z,Levitate,
,111,I,Defense Curl,DefenseCurl,Normal,Status,,,0,0,0,0,0,0,0%,,Figy Berry,Libero,
,112,I,Barrier,Barrier,Psychic,Status,,,0,0,0,0,0,0,0%,,Fire Gem,Light Metal,
,113,I,Light Screen,LightScreen,Psychic,Status,,,0,0,0,0,0,0,0%,,Fire Memory,Lightning Rod,
,114,I,Haze,Haze,Ice,Status,,,0,0,0,0,0,0,0%,,Fire Stone,Limber,
,115,I,Reflect,Reflect,Psychic,Status,,,0,0,0,0,0,0,0%,,Firium Z,Liquid Ooze,
,116,I,Focus Energy,FocusEnergy,Normal,Status,,,0,0,0,0,0,0,0%,,Fist Plate,Liquid Voice,
,117,I,Bide,Bide,Normal,Physical,,,0,0,0,0,0,0,0%,,Flame Orb,Long Reach,
,118,I,Metronome,Metronome,Normal,Status,,,0,0,0,0,0,0,0%,,Flame Plate,Magic Bounce,
,119,I,Mirror Move,MirrorMove,Flying,Status,,,0,0,0,0,0,0,0%,,Float Stone,Magic Guard,
,120,I,Self-Destruct,SelfDestruct,Normal,Physical,,,200,200,8400,4400,8400,4400,100%,,Flower Sweet,Magician,
,121,I,Egg Bomb,EggBomb,Normal,Physical,,,100,180,4200,2200,7560,3960,75%,,Flying Gem,Magma Armor,
,122,I,Lick,Lick,Ghost,Physical,,,30,100,1260,660,4200,2200,100%,,Flying Memory,Magnet Pull,
,123,I,Smog,Smog,Poison,Special,,,30,100,1260,660,4200,2200,70%,,Flyinium Z,Marvel Scale,
,124,I,Sludge,Sludge,Poison,Special,,,65,120,2730,1430,5040,2640,100%,,Focus Band,Mega Launcher,
,125,I,Bone Club,BoneClub,Ground,Physical,,,65,120,2730,1430,5040,2640,85%,,Focus Sash,Merciless,
,126,I,Fire Blast,FireBlast,Fire,Special,,,110,185,4620,2420,7770,4070,85%,,Fossilized Bird,Mimicry,
,127,I,Waterfall,Waterfall,Water,Physical,,,80,160,3360,1760,6720,3520,100%,,Fossilized Dino,Minus,
,128,I,Clamp,Clamp,Water,Physical,,,35,100,1470,770,4200,2200,85%,,Fossilized Drake,Mirror Armor,
,129,I,Swift,Swift,Normal,Special,,,60,120,2520,1320,5040,2640,0%,,Fossilized Fish,Misty Surge,
,130,I,Skull Bash,SkullBash,Normal,Physical,,,130,195,5460,2860,8190,4290,100%,,Friend Ball,Mold Breaker,
,131,I,Spike Cannon,SpikeCannon,Normal,Physical,,,20,100,840,440,4200,2200,100%,,Full Incense,Moody,
,132,I,Constrict,Constrict,Normal,Physical,,,10,100,420,220,4200,2200,100%,,Galarica Cuff,Motor Drive,
,133,I,Amnesia,Amnesia,Psychic,Status,,,0,0,0,0,0,0,0%,,Galarica Wreath,Moxie,
,134,I,Kinesis,Kinesis,Psychic,Status,,,0,0,0,0,0,0,80%,,Galladite,Multiscale,
,135,I,Soft-Boiled,SoftBoiled,Normal,Status,,,0,0,0,0,0,0,0%,,Ganlon Berry,Multitype,
,136,I,High Jump Kick,HighJumpKick,Fighting,Physical,,,130,195,5460,2860,8190,4290,90%,,Garchompite,Mummy,
,137,I,Glare,Glare,Normal,Status,,,0,0,0,0,0,0,100%,,Gardevoirite,Natural Cure,
,138,I,Dream Eater,DreamEater,Psychic,Special,,,100,180,4200,2200,7560,3960,100%,,Gengarite,Neuroforce,
,139,I,Poison Gas,PoisonGas,Poison,Status,,,0,0,0,0,0,0,90%,,Ghost Gem,Neutralizing Gas,
,140,I,Barrage,Barrage,Normal,Physical,,,15,100,630,330,4200,2200,85%,,Ghost Memory,No Guard,
,141,I,Leech Life,LeechLife,Bug,Physical,,,80,160,3360,1760,6720,3520,100%,,Ghostium Z,Normalize,
,142,I,Lovely Kiss,LovelyKiss,Normal,Status,,,0,0,0,0,0,0,75%,,Glalitite,Oblivious,
,143,I,Sky Attack,SkyAttack,Flying,Physical,,,140,200,5880,3080,8400,4400,90%,,Gold Bottle Cap,Overcoat,
,144,I,Transform,Transform,Normal,Status,,,0,0,0,0,0,0,0%,,Grass Gem,Overgrow,
,145,I,Bubble,Bubble,Water,Special,,,40,100,1680,880,4200,2200,100%,,Grass Memory,Own Tempo,
,146,I,Dizzy Punch,DizzyPunch,Normal,Physical,,,70,140,2940,1540,5880,3080,100%,,Grassium Z,Parental Bond,
,147,I,Spore,Spore,Grass,Status,,,0,0,0,0,0,0,100%,,Grassy Seed,Pastel Veil,
,148,I,Flash,Flash,Normal,Status,,,0,0,0,0,0,0,100%,,Great Ball,Perish Body,
,149,I,Psywave,Psywave,Psychic,Special,,,0,0,0,0,0,0,100%,,Grepa Berry,Pickpocket,
,150,I,Splash,Splash,Normal,Status,,,0,0,0,0,0,0,0%,,Grip Claw,Pickup,
,151,I,Acid Armor,AcidArmor,Poison,Status,,,0,0,0,0,0,0,0%,,Griseous Orb,Pixilate,
,152,I,Crabhammer,Crabhammer,Water,Physical,,,100,180,4200,2200,7560,3960,90%,,Ground Gem,Plus,
,153,I,Explosion,Explosion,Normal,Physical,,,250,200,10500,5500,8400,4400,100%,,Ground Memory,Poison Heal,
,154,I,Fury Swipes,FurySwipes,Normal,Physical,,,18,100,756,396,4200,2200,80%,,Groundium Z,Poison Point,
,155,I,Bonemerang,Bonemerang,Ground,Physical,,,50,100,2100,1100,4200,2200,90%,,Gyaradosite,Poison Touch,
,156,I,Rest,Rest,Psychic,Status,,,0,0,0,0,0,0,0%,,Haban Berry,Power Construct,
,157,I,Rock Slide,RockSlide,Rock,Physical,,,75,140,3150,1650,5880,3080,90%,,Hard Stone,Power of Alchemy,
,158,I,Hyper Fang,HyperFang,Normal,Physical,,,80,160,3360,1760,6720,3520,90%,,Heal Ball,Power Spot,
,159,I,Sharpen,Sharpen,Normal,Status,,,0,0,0,0,0,0,0%,,Heat Rock,Prankster,
,160,I,Conversion,Conversion,Normal,Status,,,0,0,0,0,0,0,0%,,Heavy Ball,Pressure,
,161,I,Tri Attack,TriAttack,Normal,Special,,,80,160,3360,1760,6720,3520,100%,,Heavy-Duty Boots,Primordial Sea,
,162,I,Super Fang,SuperFang,Normal,Physical,,,0,0,0,0,0,0,90%,,Helix Fossil,Prism Armor,
,163,I,Slash,Slash,Normal,Physical,,,70,140,2940,1540,5880,3080,100%,,Heracronite,Propeller Tail,
,164,I,Substitute,Substitute,Normal,Status,,,0,0,0,0,0,0,0%,,Hondew Berry,Protean,
,165,I,Struggle,Struggle,Normal,Physical,,,50,1,2100,1100,42,22,0%,,Houndoominite,Psychic Surge,
,166,II,Sketch,Sketch,Normal,Status,,,0,0,0,0,0,0,0%,,Iapapa Berry,Punk Rock,
,167,II,Triple Kick,TripleKick,Fighting,Physical,,,10,100,420,220,4200,2200,90%,,Ice Gem,Pure Power,
,168,II,Thief,Thief,Dark,Physical,,,60,120,2520,1320,5040,2640,100%,,Ice Memory,Queenly Majesty,
,169,II,Spider Web,SpiderWeb,Bug,Status,,,0,0,0,0,0,0,0%,,Ice Stone,Quick Draw,
,170,II,Mind Reader,MindReader,Normal,Status,,,0,0,0,0,0,0,0%,,Icicle Plate,Quick Feet,
,171,II,Nightmare,Nightmare,Ghost,Status,,,0,0,0,0,0,0,100%,,Icium Z,Rain Dish,
,172,II,Flame Wheel,FlameWheel,Fire,Physical,,,60,120,2520,1320,5040,2640,100%,,Icy Rock,Rattled,
,173,II,Snore,Snore,Normal,Special,,,50,100,2100,1100,4200,2200,100%,,Incinium Z,Receiver,
,174,II,Curse,Curse,Ghost,Status,,,0,0,0,0,0,0,0%,,Insect Plate,Reckless,
,175,II,Flail,Flail,Normal,Physical,,,0,0,0,0,0,0,100%,,Iron Ball,Refrigerate,
,176,II,Conversion 2,Conversion2,Normal,Status,,,0,0,0,0,0,0,0%,,Iron Plate,Regenerator,
,177,II,Aeroblast,Aeroblast,Flying,Special,,,100,180,4200,2200,7560,3960,95%,,Jaboca Berry,Ripen,
,178,II,Cotton Spore,CottonSpore,Grass,Status,,,0,0,0,0,0,0,100%,,Jaw Fossil,Rivalry,
,179,II,Reversal,Reversal,Fighting,Physical,,,0,0,0,0,0,0,100%,,Kasib Berry,RKS System,
,180,II,Spite,Spite,Ghost,Status,,,0,0,0,0,0,0,100%,,Kebia Berry,Rock Head,
,181,II,Powder Snow,PowderSnow,Ice,Special,,,40,100,1680,880,4200,2200,100%,,Kee Berry,Rough Skin,
,182,II,Protect,Protect,Normal,Status,,,0,0,0,0,0,0,0%,,Kelpsy Berry,Run Away,
,183,II,Mach Punch,MachPunch,Fighting,Physical,,,40,100,1680,880,4200,2200,100%,,Kangaskhanite,Sand Force,
,184,II,Scary Face,ScaryFace,Normal,Status,,,0,0,0,0,0,0,100%,,King's Rock,Sand Rush,
,185,II,Feint Attack,FeintAttack,Dark,Physical,,,60,120,2520,1320,5040,2640,0%,,Kommonium Z,Sand Spit,
,186,II,Sweet Kiss,SweetKiss,Fairy,Status,,,0,0,0,0,0,0,75%,,Lagging Tail,Sand Stream,
,187,II,Belly Drum,BellyDrum,Normal,Status,,,0,0,0,0,0,0,0%,,Lansat Berry,Sand Veil,
,188,II,Sludge Bomb,SludgeBomb,Poison,Special,,,90,175,3780,1980,7350,3850,100%,,Latiasite,Sap Sipper,
,189,II,Mud-Slap,MudSlap,Ground,Special,,,20,100,840,440,4200,2200,100%,,Latiosite,Schooling,
,190,II,Octazooka,Octazooka,Water,Special,,,65,120,2730,1430,5040,2640,85%,,Lax Incense,Scrappy,
,191,II,Spikes,Spikes,Ground,Status,,,0,0,0,0,0,0,0%,,Leaf Stone,Screen Cleaner,
,192,II,Zap Cannon,ZapCannon,Electric,Special,,,120,190,5040,2640,7980,4180,50%,,Leek,Serene Grace,
,193,II,Foresight,Foresight,Normal,Status,,,0,0,0,0,0,0,0%,,Leftovers,Shadow Shield,
,194,II,Destiny Bond,DestinyBond,Ghost,Status,,,0,0,0,0,0,0,0%,,Leppa Berry,Shadow Tag,
,195,II,Perish Song,PerishSong,Normal,Status,,,0,0,0,0,0,0,0%,,Level Ball,Shed Skin,
,196,II,Icy Wind,IcyWind,Ice,Special,,,55,100,2310,1210,4200,2200,95%,,Liechi Berry,Sheer Force,
,197,II,Detect,Detect,Fighting,Status,,,0,0,0,0,0,0,0%,,Life Orb,Shell Armor,
,198,II,Bone Rush,BoneRush,Ground,Physical,,,25,100,1050,550,4200,2200,90%,,Light Ball,Shield Dust,
,199,II,Lock-On,LockOn,Normal,Status,,,0,0,0,0,0,0,0%,,Light Clay,Shields Down,
,200,II,Outrage,Outrage,Dragon,Physical,,,120,190,5040,2640,7980,4180,100%,,Lopunnite,Simple,
,201,II,Sandstorm,Sandstorm,Rock,Status,,,0,0,0,0,0,0,0%,,Love Ball,Skill Link,
,202,II,Giga Drain,GigaDrain,Grass,Special,,,75,140,3150,1650,5880,3080,100%,,Love Sweet,Slow Start,
,203,II,Endure,Endure,Normal,Status,,,0,0,0,0,0,0,0%,,Lucarionite,Slush Rush,
,204,II,Charm,Charm,Fairy,Status,,,0,0,0,0,0,0,100%,,Lucky Punch,Sniper,
,205,II,Rollout,Rollout,Rock,Physical,,,30,100,1260,660,4200,2200,90%,,Lum Berry,Snow Cloak,
,206,II,False Swipe,FalseSwipe,Normal,Physical,,,40,100,1680,880,4200,2200,100%,,Luminous Moss,Snow Warning,
,207,II,Swagger,Swagger,Normal,Status,,,0,0,0,0,0,0,85%,,Lunalium Z,Solar Power,
,208,II,Milk Drink,MilkDrink,Normal,Status,,,0,0,0,0,0,0,0%,,Lure Ball,Solid Rock,
,209,II,Spark,Spark,Electric,Physical,,,65,120,2730,1430,5040,2640,100%,,Lustrous Orb,Soul-Heart,
,210,II,Fury Cutter,FuryCutter,Bug,Physical,,,40,100,1680,880,4200,2200,95%,,Luxury Ball,Soundproof,
,211,II,Steel Wing,SteelWing,Steel,Physical,,,70,140,2940,1540,5880,3080,90%,,Lycanium Z,Speed Boost,
,212,II,Mean Look,MeanLook,Normal,Status,,,0,0,0,0,0,0,0%,,Macho Brace,Stakeout,
,213,II,Attract,Attract,Normal,Status,,,0,0,0,0,0,0,100%,,Magmarizer,Stall,
,214,II,Sleep Talk,SleepTalk,Normal,Status,,,0,0,0,0,0,0,0%,,Magnet,Stalwart,
,215,II,Heal Bell,HealBell,Normal,Status,,,0,0,0,0,0,0,0%,,Mago Berry,Stamina,
,216,II,Return,Return,Normal,Physical,,,102,0,4284,2244,0,0,100%,,Magost Berry,Stance Change,
,217,II,Present,Present,Normal,Physical,,,0,0,0,0,0,0,90%,,Mail,Static,
,218,II,Frustration,Frustration,Normal,Physical,,,102,0,4284,2244,0,0,100%,,Manectite,Steadfast,
,219,II,Safeguard,Safeguard,Normal,Status,,,0,0,0,0,0,0,0%,,Maranga Berry,Steam Engine,
,220,II,Pain Split,PainSplit,Normal,Status,,,0,0,0,0,0,0,0%,,Marshadium Z,Steelworker,
,221,II,Sacred Fire,SacredFire,Fire,Physical,,,100,180,4200,2200,7560,3960,95%,,Master Ball,Steely Spirit,
,222,II,Magnitude,Magnitude,Ground,Physical,,,0,0,0,0,0,0,100%,,Mawilite,Stench,
,223,II,Dynamic Punch,DynamicPunch,Fighting,Physical,,,100,180,4200,2200,7560,3960,50%,,Meadow Plate,Sticky Hold,
,224,II,Megahorn,Megahorn,Bug,Physical,,,120,190,5040,2640,7980,4180,85%,,Medichamite,Storm Drain,
,225,II,Dragon Breath,DragonBreath,Dragon,Special,,,60,120,2520,1320,5040,2640,100%,,Mental Herb,Strong Jaw,
,226,II,Baton Pass,BatonPass,Normal,Status,,,0,0,0,0,0,0,0%,,Metagrossite,Sturdy,
,227,II,Encore,Encore,Normal,Status,,,0,0,0,0,0,0,100%,,Metal Coat,Suction Cups,
,228,II,Pursuit,Pursuit,Dark,Physical,,,40,100,1680,880,4200,2200,100%,,Metal Powder,Super Luck,
,228,II,Pursuit (Boosted),Pursuit(Boosted),Dark,Physical,,,80,100,3360,1760,4200,2200,100%,,Metal Powder,Super Luck,
,229,II,Rapid Spin,RapidSpin,Normal,Physical,,,50,100,2100,1100,4200,2200,100%,,Metronome,Surge Surfer,
,230,II,Sweet Scent,SweetScent,Normal,Status,,,0,0,0,0,0,0,100%,,Mewnium Z,Swarm,
,231,II,Iron Tail,IronTail,Steel,Physical,,,100,180,4200,2200,7560,3960,75%,,Mewtwonite X,Sweet Veil,
,232,II,Metal Claw,MetalClaw,Steel,Physical,,,50,100,2100,1100,4200,2200,95%,,Mewtwonite Y,Swift Swim,
,233,II,Vital Throw,VitalThrow,Fighting,Physical,,,70,140,2940,1540,5880,3080,0%,,Micle Berry,Symbiosis,
,234,II,Morning Sun,MorningSun,Normal,Status,,,0,0,0,0,0,0,0%,,Mimikium Z,Synchronize,
,235,II,Synthesis,Synthesis,Grass,Status,,,0,0,0,0,0,0,0%,,Mind Plate,Tangled Feet,
,236,II,Moonlight,Moonlight,Fairy,Status,,,0,0,0,0,0,0,0%,,Miracle Seed,Tangling Hair,
,237,II,Hidden Power,HiddenPower,Normal,Special,,,60,120,2520,1320,5040,2640,100%,,Misty Seed,Technician,
,238,II,Hidden Power [Fire],HiddenPower[Fire],Fire,Special,,,60,120,2520,1320,5040,2640,100%,,Moon Ball,Telepathy,
,239,II,Hidden Power [Water],HiddenPower[Water],Water,Special,,,60,120,2520,1320,5040,2640,100%,,Moon Stone,Teravolt,
,240,II,Hidden Power [Grass],HiddenPower[Grass],Grass,Special,,,60,120,2520,1320,5040,2640,100%,,Muscle Band,Thick Fat,
,241,II,Hidden Power [Electric],HiddenPower[Electric],Electric,Special,,,60,120,2520,1320,5040,2640,100%,,Mystic Water,Tinted Lens,
,242,II,Hidden Power [Ice],HiddenPower[Ice],Ice,Special,,,60,120,2520,1320,5040,2640,100%,,Nanab Berry,Torrent,
,243,II,Hidden Power [Fighting],HiddenPower[Fighting],Fighting,Special,,,60,120,2520,1320,5040,2640,100%,,Nest Ball,Tough Claws,
,244,II,Hidden Power [Poison],HiddenPower[Poison],Poison,Special,,,60,120,2520,1320,5040,2640,100%,,Net Ball,Toxic Boost,
,245,II,Hidden Power [Ground],HiddenPower[Ground],Ground,Special,,,60,120,2520,1320,5040,2640,100%,,Never-Melt Ice,Trace,
,246,II,Hidden Power [Flying],HiddenPower[Flying],Flying,Special,,,60,120,2520,1320,5040,2640,100%,,Nomel Berry,Transistor,
,247,II,Hidden Power [Psychic],HiddenPower[Psychic],Psychic,Special,,,60,120,2520,1320,5040,2640,100%,,Normal Gem,Triage,
,248,II,Hidden Power [Bug],HiddenPower[Bug],Bug,Special,,,60,120,2520,1320,5040,2640,100%,,Normalium Z,Truant,
,249,II,Hidden Power [Rock],HiddenPower[Rock],Rock,Special,,,60,120,2520,1320,5040,2640,100%,,Occa Berry,Turboblaze,
,250,II,Hidden Power [Ghost],HiddenPower[Ghost],Ghost,Special,,,60,120,2520,1320,5040,2640,100%,,Odd Incense,Unaware,
,251,II,Hidden Power [Dragon],HiddenPower[Dragon],Dragon,Special,,,60,120,2520,1320,5040,2640,100%,,Old Amber,Unburden,
,252,III,Hidden Power [Dark],HiddenPower[Dark],Dark,Special,,,60,120,2520,1320,5040,2640,100%,,Oran Berry,Unnerve,
,253,III,Hidden Power [Steel],HiddenPower[Steel],Steel,Special,,,60,120,2520,1320,5040,2640,100%,,Oval Stone,Unseen Fist,
,254,III,Hidden Power [Fairy],HiddenPower[Fairy],Fairy,Special,,,60,120,2520,1320,5040,2640,100%,,Pamtre Berry,Victory Star,
,255,III,Cross Chop,CrossChop,Fighting,Physical,,,100,180,4200,2200,7560,3960,80%,,Park Ball,Vital Spirit,
,256,III,Twister,Twister,Dragon,Special,,,40,100,1680,880,4200,2200,100%,,Passho Berry,Volt Absorb,
,257,III,Rain Dance,RainDance,Water,Status,,,0,0,0,0,0,0,0%,,Payapa Berry,Wandering Spirit,
,258,III,Sunny Day,SunnyDay,Fire,Status,,,0,0,0,0,0,0,0%,,Pecha Berry,Water Absorb,
,259,III,Crunch,Crunch,Dark,Physical,,,80,160,3360,1760,6720,3520,100%,,Persim Berry,Water Bubble,
,260,III,Mirror Coat,MirrorCoat,Psychic,Special,,,0,0,0,0,0,0,100%,,Petaya Berry,Water Compaction,
,261,III,Psych Up,PsychUp,Normal,Status,,,0,0,0,0,0,0,0%,,Pidgeotite,Water Veil,
,262,III,Extreme Speed,ExtremeSpeed,Normal,Physical,,,80,160,3360,1760,6720,3520,100%,,Pikanium Z,Weak Armor,
,263,III,Ancient Power,AncientPower,Rock,Special,,,60,120,2520,1320,5040,2640,100%,,Pikashunium Z,White Smoke,
,264,III,Shadow Ball,ShadowBall,Ghost,Special,,,80,160,3360,1760,6720,3520,100%,,Pinap Berry,Wimp Out,
,265,III,Future Sight,FutureSight,Psychic,Special,,,120,190,5040,2640,7980,4180,100%,,Pinsirite,Wonder Guard,
,266,III,Rock Smash,RockSmash,Fighting,Physical,,,40,100,1680,880,4200,2200,100%,,Pixie Plate,Wonder Skin,
,267,III,Whirlpool,Whirlpool,Water,Special,,,35,100,1470,770,4200,2200,85%,,Plume Fossil,Zen Mode,
,268,III,Beat Up,BeatUp,Dark,Physical,,,0,0,0,0,0,0,100%,,Poison Barb,,
,269,III,Fake Out,FakeOut,Normal,Physical,,,40,100,1680,880,4200,2200,100%,,Poison Gem,,
,270,III,Uproar,Uproar,Normal,Special,,,90,175,3780,1980,7350,3850,100%,,Poison Memory,,
,271,III,Stockpile,Stockpile,Normal,Status,,,0,0,0,0,0,0,0%,,Poisonium Z,,
,272,III,Spit Up,SpitUp,Normal,Special,,,0,0,0,0,0,0,100%,,Poke Ball,,
,273,III,Swallow,Swallow,Normal,Status,,,0,0,0,0,0,0,0%,,Pomeg Berry,,
,274,III,Heat Wave,HeatWave,Fire,Special,,,95,175,3990,2090,7350,3850,90%,,Power Anklet,,
,275,III,Hail,Hail,Ice,Status,,,0,0,0,0,0,0,0%,,Power Band,,
,276,III,Torment,Torment,Dark,Status,,,0,0,0,0,0,0,100%,,Power Belt,,
,277,III,Flatter,Flatter,Dark,Status,,,0,0,0,0,0,0,100%,,Power Bracer,,
,278,III,Will-O-Wisp,WillOWisp,Fire,Status,,,0,0,0,0,0,0,85%,,Power Herb,,
,279,III,Memento,Memento,Dark,Status,,,0,0,0,0,0,0,100%,,Power Lens,,
,280,III,Facade,Facade,Normal,Physical,,,70,140,2940,1540,5880,3080,100%,,Power Weight,,
,281,III,Focus Punch,FocusPunch,Fighting,Physical,,,150,200,6300,3300,8400,4400,100%,,Premier Ball,,
,282,III,Smelling Salts,SmellingSalts,Normal,Physical,,,70,140,2940,1540,5880,3080,100%,,Primarium Z,,
,283,III,Follow Me,FollowMe,Normal,Status,,,0,0,0,0,0,0,0%,,Prism Scale,,
,284,III,Nature Power,NaturePower,Normal,Status,,,0,0,0,0,0,0,0%,,Protective Pads,,
,285,III,Charge,Charge,Electric,Status,,,0,0,0,0,0,0,0%,,Protector,,
,286,III,Taunt,Taunt,Dark,Status,,,0,0,0,0,0,0,100%,,Psychic Gem,,
,287,III,Helping Hand,HelpingHand,Normal,Status,,,0,0,0,0,0,0,0%,,Psychic Memory,,
,288,III,Trick,Trick,Psychic,Status,,,0,0,0,0,0,0,100%,,Psychic Seed,,
,289,III,Role Play,RolePlay,Psychic,Status,,,0,0,0,0,0,0,0%,,Psychium Z,,
,290,III,Wish,Wish,Normal,Status,,,0,0,0,0,0,0,0%,,Qualot Berry,,
,291,III,Assist,Assist,Normal,Status,,,0,0,0,0,0,0,0%,,Quick Ball,,
,292,III,Ingrain,Ingrain,Grass,Status,,,0,0,0,0,0,0,0%,,Quick Claw,,
,293,III,Superpower,Superpower,Fighting,Physical,,,120,190,5040,2640,7980,4180,100%,,Quick Powder,,
,294,III,Magic Coat,MagicCoat,Psychic,Status,,,0,0,0,0,0,0,0%,,Rabuta Berry,,
,295,III,Recycle,Recycle,Normal,Status,,,0,0,0,0,0,0,0%,,Rare Bone,,
,296,III,Revenge,Revenge,Fighting,Physical,,,60,120,2520,1320,5040,2640,100%,,Rawst Berry,,
,297,III,Brick Break,BrickBreak,Fighting,Physical,,,75,140,3150,1650,5880,3080,100%,,Razor Claw,,
,298,III,Yawn,Yawn,Normal,Status,,,0,0,0,0,0,0,0%,,Razor Fang,,
,299,III,Knock Off,KnockOff,Dark,Physical,,,65,120,2730,1430,5040,2640,100%,,Razz Berry,,
,300,III,Endeavor,Endeavor,Normal,Physical,,,0,0,0,0,0,0,100%,,Reaper Cloth,,
,301,III,Eruption,Eruption,Fire,Special,,,150,200,6300,3300,8400,4400,100%,,Red Card,,
,302,III,Skill Swap,SkillSwap,Psychic,Status,,,0,0,0,0,0,0,0%,,Red Orb,,
,303,III,Imprison,Imprison,Psychic,Status,,,0,0,0,0,0,0,0%,,Repeat Ball,,
,304,III,Refresh,Refresh,Normal,Status,,,0,0,0,0,0,0,0%,,Ribbon Sweet,,
,305,III,Grudge,Grudge,Ghost,Status,,,0,0,0,0,0,0,0%,,Rindo Berry,,
,306,III,Snatch,Snatch,Dark,Status,,,0,0,0,0,0,0,0%,,Ring Target,,
,307,III,Secret Power,SecretPower,Normal,Physical,,,70,140,2940,1540,5880,3080,100%,,Rock Gem,,
,308,III,Dive,Dive,Water,Physical,,,80,160,3360,1760,6720,3520,100%,,Rock Incense,,
,309,III,Arm Thrust,ArmThrust,Fighting,Physical,,,15,100,630,330,4200,2200,100%,,Rock Memory,,
,310,III,Camouflage,Camouflage,Normal,Status,,,0,0,0,0,0,0,0%,,Rockium Z,,
,311,III,Tail Glow,TailGlow,Bug,Status,,,0,0,0,0,0,0,0%,,Rocky Helmet,,
,312,III,Luster Purge,LusterPurge,Psychic,Special,,,95,175,3990,2090,7350,3850,100%,,Room Service,,
,313,III,Mist Ball,MistBall,Psychic,Special,,,95,175,3990,2090,7350,3850,100%,,Root Fossil,,
,314,III,Feather Dance,FeatherDance,Flying,Status,,,0,0,0,0,0,0,100%,,Rose Incense,,
,315,III,Teeter Dance,TeeterDance,Normal,Status,,,0,0,0,0,0,0,100%,,Roseli Berry,,
,316,III,Blaze Kick,BlazeKick,Fire,Physical,,,85,160,3570,1870,6720,3520,90%,,Rowap Berry,,
,317,III,Mud Sport,MudSport,Ground,Status,,,0,0,0,0,0,0,0%,,Rusted Shield,,
,318,III,Ice Ball,IceBall,Ice,Physical,,,30,100,1260,660,4200,2200,90%,,Rusted Sword,,
,319,III,Needle Arm,NeedleArm,Grass,Physical,,,60,120,2520,1320,5040,2640,100%,,Sablenite,,
,320,III,Slack Off,SlackOff,Normal,Status,,,0,0,0,0,0,0,0%,,Sachet,,
,321,III,Hyper Voice,HyperVoice,Normal,Special,,,90,175,3780,1980,7350,3850,100%,,Safari Ball,,
,322,III,Poison Fang,PoisonFang,Poison,Physical,,,50,100,2100,1100,4200,2200,100%,,Safety Goggles,,
,323,III,Crush Claw,CrushClaw,Normal,Physical,,,75,140,3150,1650,5880,3080,95%,,Sail Fossil,,
,324,III,Blast Burn,BlastBurn,Fire,Special,,,150,200,6300,3300,8400,4400,90%,,Salac Berry,,
,325,III,Hydro Cannon,HydroCannon,Water,Special,,,150,200,6300,3300,8400,4400,90%,,Salamencite,,
,326,III,Meteor Mash,MeteorMash,Steel,Physical,,,90,175,3780,1980,7350,3850,90%,,Sceptilite,,
,327,III,Astonish,Astonish,Ghost,Physical,,,30,100,1260,660,4200,2200,100%,,Scizorite,,
,328,III,Weather Ball,WeatherBall,Normal,Special,,,50,160,2100,1100,6720,3520,100%,,Scope Lens,,
,329,III,Aromatherapy,Aromatherapy,Grass,Status,,,0,0,0,0,0,0,0%,,Sea Incense,,
,330,III,Fake Tears,FakeTears,Dark,Status,,,0,0,0,0,0,0,100%,,Sharp Beak,,
,331,III,Air Cutter,AirCutter,Flying,Special,,,60,120,2520,1320,5040,2640,95%,,Sharpedonite,,
,332,III,Overheat,Overheat,Fire,Special,,,130,195,5460,2860,8190,4290,90%,,Shed Shell,,
,333,III,Odor Sleuth,OdorSleuth,Normal,Status,,,0,0,0,0,0,0,0%,,Shell Bell,,
,334,III,Rock Tomb,RockTomb,Rock,Physical,,,60,120,2520,1320,5040,2640,95%,,Shiny Stone,,
,335,III,Silver Wind,SilverWind,Bug,Special,,,60,120,2520,1320,5040,2640,100%,,Shock Drive,,
,336,III,Metal Sound,MetalSound,Steel,Status,,,0,0,0,0,0,0,85%,,Shuca Berry,,
,337,III,Grass Whistle,GrassWhistle,Grass,Status,,,0,0,0,0,0,0,55%,,Silk Scarf,,
,338,III,Tickle,Tickle,Normal,Status,,,0,0,0,0,0,0,100%,,Silver Powder,,
,339,III,Cosmic Power,CosmicPower,Psychic,Status,,,0,0,0,0,0,0,0%,,Sitrus Berry,,
,340,III,Water Spout,WaterSpout,Water,Special,,,150,200,6300,3300,8400,4400,100%,,Skull Fossil,,
,341,III,Signal Beam,SignalBeam,Bug,Special,,,75,140,3150,1650,5880,3080,100%,,Sky Plate,,
,342,III,Shadow Punch,ShadowPunch,Ghost,Physical,,,60,120,2520,1320,5040,2640,0%,,Slowbronite,,
,343,III,Extrasensory,Extrasensory,Psychic,Special,,,80,160,3360,1760,6720,3520,100%,,Smooth Rock,,
,344,III,Sky Uppercut,SkyUppercut,Fighting,Physical,,,85,160,3570,1870,6720,3520,90%,,Snorlium Z,,
,345,III,Sand Tomb,SandTomb,Ground,Physical,,,35,100,1470,770,4200,2200,85%,,Snowball,,
,346,III,Sheer Cold,SheerCold,Ice,Special,,,0,0,0,0,0,0,30%,,Soft Sand,,
,347,III,Muddy Water,MuddyWater,Water,Special,,,90,175,3780,1980,7350,3850,85%,,Solganium Z,,
,348,III,Bullet Seed,BulletSeed,Grass,Physical,,,25,100,1050,550,4200,2200,100%,,Soul Dew,,
,349,III,Aerial Ace,AerialAce,Flying,Physical,,,60,120,2520,1320,5040,2640,0%,,Spell Tag,,
,350,III,Icicle Spear,IcicleSpear,Ice,Physical,,,25,100,1050,550,4200,2200,100%,,Spelon Berry,,
,351,III,Iron Defense,IronDefense,Steel,Status,,,0,0,0,0,0,0,0%,,Splash Plate,,
,352,III,Block,Block,Normal,Status,,,0,0,0,0,0,0,0%,,Spooky Plate,,
,353,III,Howl,Howl,Normal,Status,,,0,0,0,0,0,0,0%,,Sport Ball,,
,354,III,Dragon Claw,DragonClaw,Dragon,Physical,,,80,160,3360,1760,6720,3520,100%,,Starf Berry,,
,355,IV,Frenzy Plant,FrenzyPlant,Grass,Special,,,150,200,6300,3300,8400,4400,90%,,Star Sweet,,
,356,IV,Bulk Up,BulkUp,Fighting,Status,,,0,0,0,0,0,0,0%,,Steelixite,,
,357,IV,Bounce,Bounce,Flying,Physical,,,85,160,3570,1870,6720,3520,85%,,Steel Gem,,
,358,IV,Mud Shot,MudShot,Ground,Special,,,55,100,2310,1210,4200,2200,95%,,Steel Memory,,
,359,IV,Poison Tail,PoisonTail,Poison,Physical,,,50,100,2100,1100,4200,2200,100%,,Steelium Z,,
,360,IV,Covet,Covet,Normal,Physical,,,60,120,2520,1320,5040,2640,100%,,Stick,,
,361,IV,Volt Tackle,VoltTackle,Electric,Physical,,,120,190,5040,2640,7980,4180,100%,,Sticky Barb,,
,362,IV,Magical Leaf,MagicalLeaf,Grass,Special,,,60,120,2520,1320,5040,2640,0%,,Stone Plate,,
,363,IV,Water Sport,WaterSport,Water,Status,,,0,0,0,0,0,0,0%,,Strawberry Sweet,,
,364,IV,Calm Mind,CalmMind,Psychic,Status,,,0,0,0,0,0,0,0%,,Sun Stone,,
,365,IV,Leaf Blade,LeafBlade,Grass,Physical,,,90,175,3780,1980,7350,3850,100%,,Swampertite,,
,366,IV,Dragon Dance,DragonDance,Dragon,Status,,,0,0,0,0,0,0,0%,,Sweet Apple,,
,367,IV,Rock Blast,RockBlast,Rock,Physical,,,25,100,1050,550,4200,2200,90%,,Tamato Berry,,
,368,IV,Shock Wave,ShockWave,Electric,Special,,,60,120,2520,1320,5040,2640,0%,,Tanga Berry,,
,369,IV,Water Pulse,WaterPulse,Water,Special,,,60,120,2520,1320,5040,2640,100%,,Tapunium Z,,
,370,IV,Doom Desire,DoomDesire,Steel,Special,,,140,200,5880,3080,8400,4400,100%,,Tart Apple,,
,371,IV,Psycho Boost,PsychoBoost,Psychic,Special,,,140,200,5880,3080,8400,4400,90%,,Terrain Extender,,
,372,IV,Roost,Roost,Flying,Status,,,0,0,0,0,0,0,0%,,Thick Club,,
,373,IV,Gravity,Gravity,Psychic,Status,,,0,0,0,0,0,0,0%,,Throat Spray,,
,374,IV,Miracle Eye,MiracleEye,Psychic,Status,,,0,0,0,0,0,0,0%,,Thunder Stone,,
,375,IV,Wake-Up Slap,WakeUpSlap,Fighting,Physical,,,70,140,2940,1540,5880,3080,100%,,Timer Ball,,
,376,IV,Hammer Arm,HammerArm,Fighting,Physical,,,100,180,4200,2200,7560,3960,90%,,Toxic Orb,,
,377,IV,Gyro Ball,GyroBall,Steel,Physical,,,0,0,0,0,0,0,100%,,Toxic Plate,,
,378,IV,Healing Wish,HealingWish,Psychic,Status,,,0,0,0,0,0,0,0%,,TR00,,
,379,IV,Brine,Brine,Water,Special,,,65,120,2730,1430,5040,2640,100%,,TR01,,
,380,IV,Natural Gift,NaturalGift,Normal,Physical,,,0,0,0,0,0,0,100%,,TR02,,
,382,IV,Pluck,Pluck,Flying,Physical,,,60,120,2520,1320,5040,2640,100%,,TR04,,
,383,IV,Tailwind,Tailwind,Flying,Status,,,0,0,0,0,0,0,0%,,TR05,,
,384,IV,Acupressure,Acupressure,Normal,Status,,,0,0,0,0,0,0,0%,,TR06,,
,385,IV,Metal Burst,MetalBurst,Steel,Physical,,,0,0,0,0,0,0,100%,,TR07,,
,386,IV,U-turn,Uturn,Bug,Physical,,,70,140,2940,1540,5880,3080,100%,,TR08,,
,387,IV,Close Combat,CloseCombat,Fighting,Physical,,,120,190,5040,2640,7980,4180,100%,,TR09,,
,388,IV,Payback,Payback,Dark,Physical,,,50,100,2100,1100,4200,2200,100%,,TR10,,
,388,IV,Payback (Boosted),Payback(Boosted),Dark,Physical,,,100,100,4200,2200,4200,2200,100%,,TR10,,
,389,IV,Assurance,Assurance,Dark,Physical,,,60,120,2520,1320,5040,2640,100%,,TR11,,
,,,Assurance (Boosted),Assurance(Boosted),Dark,Physical,,,120,120,5040,2640,5040,2640,100%,,TR11,,
,390,IV,Embargo,Embargo,Dark,Status,,,0,0,0,0,0,0,100%,,TR12,,
,391,IV,Fling,Fling,Dark,Physical,,,0,0,0,0,0,0,100%,,TR13,,
,392,IV,Psycho Shift,PsychoShift,Psychic,Status,,,0,0,0,0,0,0,100%,,TR14,,
,393,IV,Trump Card,TrumpCard,Normal,Special,,,0,0,0,0,0,0,0%,,TR15,,
,394,IV,Heal Block,HealBlock,Psychic,Status,,,0,0,0,0,0,0,100%,,TR16,,
,395,IV,Wring Out,WringOut,Normal,Special,,,0,0,0,0,0,0,100%,,TR17,,
,396,IV,Power Trick,PowerTrick,Psychic,Status,,,0,0,0,0,0,0,0%,,TR18,,
,397,IV,Gastro Acid,GastroAcid,Poison,Status,,,0,0,0,0,0,0,100%,,TR19,,
,398,IV,Lucky Chant,LuckyChant,Normal,Status,,,0,0,0,0,0,0,0%,,TR20,,
,399,IV,Me First,MeFirst,Normal,Status,,,0,0,0,0,0,0,0%,,TR21,,
,400,IV,Copycat,Copycat,Normal,Status,,,0,0,0,0,0,0,0%,,TR22,,
,401,IV,Power Swap,PowerSwap,Psychic,Status,,,0,0,0,0,0,0,0%,,TR23,,
,402,IV,Guard Swap,GuardSwap,Psychic,Status,,,0,0,0,0,0,0,0%,,TR24,,
,403,IV,Punishment,Punishment,Dark,Physical,,,0,0,0,0,0,0,100%,,TR25,,
,404,IV,Last Resort,LastResort,Normal,Physical,,,140,200,5880,3080,8400,4400,100%,,TR26,,
,405,IV,Worry Seed,WorrySeed,Grass,Status,,,0,0,0,0,0,0,100%,,TR27,,
,406,IV,Sucker Punch,SuckerPunch,Dark,Physical,,,70,140,2940,1540,5880,3080,100%,,TR28,,
,407,IV,Toxic Spikes,ToxicSpikes,Poison,Status,,,0,0,0,0,0,0,0%,,TR29,,
,408,IV,Heart Swap,HeartSwap,Psychic,Status,,,0,0,0,0,0,0,0%,,TR30,,
,409,IV,Aqua Ring,AquaRing,Water,Status,,,0,0,0,0,0,0,0%,,TR31,,
,410,IV,Magnet Rise,MagnetRise,Electric,Status,,,0,0,0,0,0,0,0%,,TR32,,
,411,IV,Flare Blitz,FlareBlitz,Fire,Physical,,,120,190,5040,2640,7980,4180,100%,,TR33,,
,412,IV,Force Palm,ForcePalm,Fighting,Physical,,,60,120,2520,1320,5040,2640,100%,,TR34,,
,413,IV,Aura Sphere,AuraSphere,Fighting,Special,,,80,160,3360,1760,6720,3520,0%,,TR35,,
,414,IV,Rock Polish,RockPolish,Rock,Status,,,0,0,0,0,0,0,0%,,TR36,,
,415,IV,Poison Jab,PoisonJab,Poison,Physical,,,80,160,3360,1760,6720,3520,100%,,TR37,,
,416,IV,Dark Pulse,DarkPulse,Dark,Special,,,80,160,3360,1760,6720,3520,100%,,TR38,,
,417,IV,Night Slash,NightSlash,Dark,Physical,,,70,140,2940,1540,5880,3080,100%,,TR39,,
,418,IV,Aqua Tail,AquaTail,Water,Physical,,,90,175,3780,1980,7350,3850,90%,,TR40,,
,419,IV,Seed Bomb,SeedBomb,Grass,Physical,,,80,160,3360,1760,6720,3520,100%,,TR41,,
,420,IV,Air Slash,AirSlash,Flying,Special,,,75,140,3150,1650,5880,3080,95%,,TR42,,
,421,IV,X-Scissor,XScissor,Bug,Physical,,,80,160,3360,1760,6720,3520,100%,,TR43,,
,422,IV,Bug Buzz,BugBuzz,Bug,Special,,,90,175,3780,1980,7350,3850,100%,,TR44,,
,423,IV,Dragon Pulse,DragonPulse,Dragon,Special,,,85,160,3570,1870,6720,3520,100%,,TR45,,
,424,IV,Dragon Rush,DragonRush,Dragon,Physical,,,100,180,4200,2200,7560,3960,75%,,TR46,,
,425,IV,Power Gem,PowerGem,Rock,Special,,,80,160,3360,1760,6720,3520,100%,,TR47,,
,426,IV,Drain Punch,DrainPunch,Fighting,Physical,,,75,140,3150,1650,5880,3080,100%,,TR48,,
,427,IV,Vacuum Wave,VacuumWave,Fighting,Special,,,40,100,1680,880,4200,2200,100%,,TR49,,
,428,IV,Focus Blast,FocusBlast,Fighting,Special,,,120,190,5040,2640,7980,4180,70%,,TR50,,
,429,IV,Energy Ball,EnergyBall,Grass,Special,,,90,175,3780,1980,7350,3850,100%,,TR51,,
,430,IV,Brave Bird,BraveBird,Flying,Physical,,,120,190,5040,2640,7980,4180,100%,,TR52,,
,431,IV,Earth Power,EarthPower,Ground,Special,,,90,175,3780,1980,7350,3850,100%,,TR53,,
,432,IV,Switcheroo,Switcheroo,Dark,Status,,,0,0,0,0,0,0,100%,,TR54,,
,433,IV,Giga Impact,GigaImpact,Normal,Physical,,,150,200,6300,3300,8400,4400,90%,,TR55,,
,434,IV,Nasty Plot,NastyPlot,Dark,Status,,,0,0,0,0,0,0,0%,,TR56,,
,435,IV,Bullet Punch,BulletPunch,Steel,Physical,,,40,100,1680,880,4200,2200,100%,,TR57,,
,436,IV,Avalanche,Avalanche,Ice,Physical,,,60,120,2520,1320,5040,2640,100%,,TR58,,
,437,IV,Ice Shard,IceShard,Ice,Physical,,,40,100,1680,880,4200,2200,100%,,TR59,,
,438,IV,Shadow Claw,ShadowClaw,Ghost,Physical,,,70,140,2940,1540,5880,3080,100%,,TR60,,
,439,IV,Thunder Fang,ThunderFang,Electric,Physical,,,65,120,2730,1430,5040,2640,95%,,TR61,,
,440,IV,Ice Fang,IceFang,Ice,Physical,,,65,120,2730,1430,5040,2640,95%,,TR62,,
,441,IV,Fire Fang,FireFang,Fire,Physical,,,65,120,2730,1430,5040,2640,95%,,TR63,,
,442,IV,Shadow Sneak,ShadowSneak,Ghost,Physical,,,40,100,1680,880,4200,2200,100%,,TR64,,
,443,IV,Mud Bomb,MudBomb,Ground,Special,,,65,120,2730,1430,5040,2640,85%,,TR65,,
,444,IV,Psycho Cut,PsychoCut,Psychic,Physical,,,70,140,2940,1540,5880,3080,100%,,TR66,,
,445,IV,Zen Headbutt,ZenHeadbutt,Psychic,Physical,,,80,160,3360,1760,6720,3520,90%,,TR67,,
,446,IV,Mirror Shot,MirrorShot,Steel,Special,,,65,120,2730,1430,5040,2640,85%,,TR68,,
,447,IV,Flash Cannon,FlashCannon,Steel,Special,,,80,160,3360,1760,6720,3520,100%,,TR69,,
,448,IV,Rock Climb,RockClimb,Normal,Physical,,,90,175,3780,1980,7350,3850,85%,,TR70,,
,449,IV,Defog,Defog,Flying,Status,,,0,0,0,0,0,0,0%,,TR71,,
,450,IV,Trick Room,TrickRoom,Psychic,Status,,,0,0,0,0,0,0,0%,,TR72,,
,451,IV,Draco Meteor,DracoMeteor,Dragon,Special,,,130,195,5460,2860,8190,4290,90%,,TR73,,
,452,IV,Discharge,Discharge,Electric,Special,,,80,160,3360,1760,6720,3520,100%,,TR74,,
,453,IV,Lava Plume,LavaPlume,Fire,Special,,,80,160,3360,1760,6720,3520,100%,,TR75,,
,454,IV,Leaf Storm,LeafStorm,Grass,Special,,,130,195,5460,2860,8190,4290,90%,,TR76,,
,455,IV,Power Whip,PowerWhip,Grass,Physical,,,120,190,5040,2640,7980,4180,85%,,TR77,,
,456,IV,Rock Wrecker,RockWrecker,Rock,Physical,,,150,200,6300,3300,8400,4400,90%,,TR78,,
,457,IV,Cross Poison,CrossPoison,Poison,Physical,,,70,140,2940,1540,5880,3080,100%,,TR79,,
,458,IV,Gunk Shot,GunkShot,Poison,Physical,,,120,190,5040,2640,7980,4180,80%,,TR80,,
,459,IV,Iron Head,IronHead,Steel,Physical,,,80,160,3360,1760,6720,3520,100%,,TR81,,
,460,IV,Magnet Bomb,MagnetBomb,Steel,Physical,,,60,120,2520,1320,5040,2640,0%,,TR82,,
,461,IV,Stone Edge,StoneEdge,Rock,Physical,,,100,180,4200,2200,7560,3960,80%,,TR83,,
,462,IV,Captivate,Captivate,Normal,Status,,,0,0,0,0,0,0,100%,,TR84,,
,463,IV,Stealth Rock,StealthRock,Rock,Status,,,0,0,0,0,0,0,0%,,TR85,,
,464,IV,Grass Knot,GrassKnot,Grass,Special,,,0,160,0,0,6720,3520,100%,,TR86,,
,465,IV,Chatter,Chatter,Flying,Special,,,65,120,2730,1430,5040,2640,100%,,TR87,,
,466,IV,Judgment,Judgment,Normal,Special,,,100,180,4200,2200,7560,3960,100%,,TR88,,
,467,IV,Bug Bite,BugBite,Bug,Physical,,,60,120,2520,1320,5040,2640,100%,,TR89,,
,468,V,Charge Beam,ChargeBeam,Electric,Special,,,50,100,2100,1100,4200,2200,90%,,TR90,,
,469,V,Wood Hammer,WoodHammer,Grass,Physical,,,120,190,5040,2640,7980,4180,100%,,TR91,,
,470,V,Aqua Jet,AquaJet,Water,Physical,,,40,100,1680,880,4200,2200,100%,,TR92,,
,471,V,Attack Order,AttackOrder,Bug,Physical,,,90,175,3780,1980,7350,3850,100%,,TR93,,
,472,V,Defend Order,DefendOrder,Bug,Status,,,0,0,0,0,0,0,0%,,TR94,,
,473,V,Heal Order,HealOrder,Bug,Status,,,0,0,0,0,0,0,0%,,TR95,,
,474,V,Head Smash,HeadSmash,Rock,Physical,,,150,200,6300,3300,8400,4400,80%,,TR96,,
,475,V,Double Hit,DoubleHit,Normal,Physical,,,35,100,1470,770,4200,2200,90%,,TR97,,
,476,V,Roar of Time,RoarofTime,Dragon,Special,,,150,200,6300,3300,8400,4400,90%,,TR98,,
,477,V,Spacial Rend,SpacialRend,Dragon,Special,,,100,180,4200,2200,7560,3960,95%,,TR99,,
,478,V,Lunar Dance,LunarDance,Psychic,Status,,,0,0,0,0,0,0,0%,,Twisted Spoon,,
,479,V,Crush Grip,CrushGrip,Normal,Physical,,,0,0,0,0,0,0,100%,,Tyranitarite,,
,480,V,Magma Storm,MagmaStorm,Fire,Special,,,100,180,4200,2200,7560,3960,75%,,Ultra Ball,,
,481,V,Dark Void,DarkVoid,Dark,Status,,,0,0,0,0,0,0,50%,,Ultranecrozium Z,,
,482,V,Seed Flare,SeedFlare,Grass,Special,,,120,190,5040,2640,7980,4180,85%,,Up-Grade,,
,483,V,Ominous Wind,OminousWind,Ghost,Special,,,60,120,2520,1320,5040,2640,100%,,Utility Umbrella,,
,484,V,Shadow Force,ShadowForce,Ghost,Physical,,,120,190,5040,2640,7980,4180,100%,,Venusaurite,,
,485,V,Hone Claws,HoneClaws,Dark,Status,,,0,0,0,0,0,0,0%,,Wacan Berry,,
,486,V,Wide Guard,WideGuard,Rock,Status,,,0,0,0,0,0,0,0%,,Water Gem,,
,487,V,Guard Split,GuardSplit,Psychic,Status,,,0,0,0,0,0,0,0%,,Water Memory,,
,488,V,Power Split,PowerSplit,Psychic,Status,,,0,0,0,0,0,0,0%,,Water Stone,,
,489,V,Wonder Room,WonderRoom,Psychic,Status,,,0,0,0,0,0,0,0%,,Waterium Z,,
,490,V,Psyshock,Psyshock,Psychic,Special,,,80,160,3360,1760,6720,3520,100%,,Watmel Berry,,
,491,V,Venoshock,Venoshock,Poison,Special,,,65,120,2730,1430,5040,2640,100%,,Wave Incense,,
,492,V,Autotomize,Autotomize,Steel,Status,,,0,0,0,0,0,0,0%,,Weakness Policy,,
,493,V,Rage Powder,RagePowder,Bug,Status,,,0,0,0,0,0,0,0%,,Wepear Berry,,
,494,V,Telekinesis,Telekinesis,Psychic,Status,,,0,0,0,0,0,0,0%,,Whipped Dream,,
,495,V,Magic Room,MagicRoom,Psychic,Status,,,0,0,0,0,0,0,0%,,White Herb,,
,496,V,Smack Down,SmackDown,Rock,Physical,,,50,100,2100,1100,4200,2200,100%,,Wide Lens,,
,497,V,Storm Throw,StormThrow,Fighting,Physical,,,60,120,2520,1320,5040,2640,100%,,Wiki Berry,,
,498,V,Flame Burst,FlameBurst,Fire,Special,,,70,140,2940,1540,5880,3080,100%,,Wise Glasses,,
,499,V,Sludge Wave,SludgeWave,Poison,Special,,,95,175,3990,2090,7350,3850,100%,,Yache Berry,,
,500,V,Quiver Dance,QuiverDance,Bug,Status,,,0,0,0,0,0,0,0%,,Zap Plate,,
,501,V,Heavy Slam,HeavySlam,Steel,Physical,,,0,160,0,0,6720,3520,100%,,Zoom Lens,,
,502,V,Synchronoise,Synchronoise,Psychic,Special,,,120,190,5040,2640,7980,4180,100%,,,,
,503,V,Electro Ball,ElectroBall,Electric,Special,,,0,0,0,0,0,0,100%,,,,
,504,V,Soak,Soak,Water,Status,,,0,0,0,0,0,0,100%,,,,
,505,V,Flame Charge,FlameCharge,Fire,Physical,,,50,100,2100,1100,4200,2200,100%,,,,
,506,V,Coil,Coil,Poison,Status,,,0,0,0,0,0,0,0%,,,,
,507,V,Low Sweep,LowSweep,Fighting,Physical,,,65,120,2730,1430,5040,2640,100%,,,,
,508,V,Acid Spray,AcidSpray,Poison,Special,,,40,100,1680,880,4200,2200,100%,,,,
,509,V,Foul Play,FoulPlay,Dark,Physical,,,95,175,3990,2090,7350,3850,100%,,,,
,510,V,Simple Beam,SimpleBeam,Normal,Status,,,0,0,0,0,0,0,100%,,,,
,511,V,Entrainment,Entrainment,Normal,Status,,,0,0,0,0,0,0,100%,,,,
,512,V,After You,AfterYou,Normal,Status,,,0,0,0,0,0,0,0%,,,,
,513,V,Round,Round,Normal,Special,,,60,120,2520,1320,5040,2640,100%,,,,
,514,V,Echoed Voice,EchoedVoice,Normal,Special,,,40,100,1680,880,4200,2200,100%,,,,
,515,V,Chip Away,ChipAway,Normal,Physical,,,70,140,2940,1540,5880,3080,100%,,,,
,516,V,Clear Smog,ClearSmog,Poison,Special,,,50,100,2100,1100,4200,2200,0%,,,,
,517,V,Stored Power,StoredPower,Psychic,Special,,,20,100,840,440,4200,2200,100%,,,,
,518,V,Quick Guard,QuickGuard,Fighting,Status,,,0,0,0,0,0,0,0%,,,,
,519,V,Ally Switch,AllySwitch,Psychic,Status,,,0,0,0,0,0,0,0%,,,,
,520,V,Scald,Scald,Water,Special,,,80,160,3360,1760,6720,3520,100%,,,,
,521,V,Shell Smash,ShellSmash,Normal,Status,,,0,0,0,0,0,0,0%,,,,
,522,V,Heal Pulse,HealPulse,Psychic,Status,,,0,0,0,0,0,0,0%,,,,
,523,V,Hex,Hex,Ghost,Special,,,65,120,2730,1430,5040,2640,100%,,,,
,524,V,Sky Drop,SkyDrop,Flying,Physical,,,60,120,2520,1320,5040,2640,100%,,,,
,525,V,Shift Gear,ShiftGear,Steel,Status,,,0,0,0,0,0,0,0%,,,,
,526,V,Circle Throw,CircleThrow,Fighting,Physical,,,60,120,2520,1320,5040,2640,90%,,,,
,527,V,Incinerate,Incinerate,Fire,Special,,,60,120,2520,1320,5040,2640,100%,,,,
,528,V,Quash,Quash,Dark,Status,,,0,0,0,0,0,0,100%,,,,
,529,V,Acrobatics,Acrobatics,Flying,Physical,,,55,100,2310,1210,4200,2200,100%,,,,
,530,V,Reflect Type,ReflectType,Normal,Status,,,0,0,0,0,0,0,0%,,,,
,531,V,Retaliate,Retaliate,Normal,Physical,,,70,140,2940,1540,5880,3080,100%,,,,
,532,V,Final Gambit,FinalGambit,Fighting,Special,,,0,0,0,0,0,0,100%,,,,
,533,V,Bestow,Bestow,Normal,Status,,,0,0,0,0,0,0,0%,,,,
,534,V,Inferno,Inferno,Fire,Special,,,100,180,4200,2200,7560,3960,50%,,,,
,535,V,Water Pledge,WaterPledge,Water,Special,,,80,160,3360,1760,6720,3520,100%,,,,
,536,V,Fire Pledge,FirePledge,Fire,Special,,,80,160,3360,1760,6720,3520,100%,,,,
,537,V,Grass Pledge,GrassPledge,Grass,Special,,,80,160,3360,1760,6720,3520,100%,,,,
,538,V,Volt Switch,VoltSwitch,Electric,Special,,,70,140,2940,1540,5880,3080,100%,,,,
,539,V,Struggle Bug,StruggleBug,Bug,Special,,,50,100,2100,1100,4200,2200,100%,,,,
,540,V,Bulldoze,Bulldoze,Ground,Physical,,,60,120,2520,1320,5040,2640,100%,,,,
,541,V,Frost Breath,FrostBreath,Ice,Special,,,60,120,2520,1320,5040,2640,90%,,,,
,542,V,Dragon Tail,DragonTail,Dragon,Physical,,,60,120,2520,1320,5040,2640,90%,,,,
,543,V,Work Up,WorkUp,Normal,Status,,,0,0,0,0,0,0,0%,,,,
,544,V,Electro Web,ElectroWeb,Electric,Special,,,55,100,2310,1210,4200,2200,95%,,,,
,545,V,Wild Charge,WildCharge,Electric,Physical,,,90,175,3780,1980,7350,3850,100%,,,,
,546,V,Drill Run,DrillRun,Ground,Physical,,,80,160,3360,1760,6720,3520,95%,,,,
,547,V,Dual Chop,DualChop,Dragon,Physical,,,40,100,1680,880,4200,2200,90%,,,,
,548,V,Heart Stamp,HeartStamp,Psychic,Physical,,,60,120,2520,1320,5040,2640,100%,,,,
,549,V,Horn Leech,HornLeech,Grass,Physical,,,75,140,3150,1650,5880,3080,100%,,,,
,550,V,Sacred Sword,SacredSword,Fighting,Physical,,,90,175,3780,1980,7350,3850,100%,,,,
,551,V,Razor Shell,RazorShell,Water,Physical,,,75,140,3150,1650,5880,3080,95%,,,,
,552,V,Heat Crash,HeatCrash,Fire,Physical,,,0,160,0,0,6720,3520,100%,,,,
,553,V,Leaf Tornado,LeafTornado,Grass,Special,,,65,120,2730,1430,5040,2640,90%,,,,
,554,V,Steamroller,Steamroller,Bug,Physical,,,65,120,2730,1430,5040,2640,100%,,,,
,555,V,Cotton Guard,CottonGuard,Grass,Status,,,0,0,0,0,0,0,0%,,,,
,556,V,Night Daze,NightDaze,Dark,Special,,,85,160,3570,1870,6720,3520,95%,,,,
,557,V,Psystrike,Psystrike,Psychic,Special,,,100,180,4200,2200,7560,3960,100%,,,,
,558,V,Tail Slap,TailSlap,Normal,Physical,,,25,100,1050,550,4200,2200,85%,,,,
,559,V,Hurricane,Hurricane,Flying,Special,,,110,185,4620,2420,7770,4070,70%,,,,
,560,VI,Head Charge,HeadCharge,Normal,Physical,,,120,190,5040,2640,7980,4180,100%,,,,
,561,VI,Gear Grind,GearGrind,Steel,Physical,,,50,180,2100,1100,7560,3960,85%,,,,
,562,VI,Searing Shot,SearingShot,Fire,Special,,,100,180,4200,2200,7560,3960,100%,,,,
,563,VI,Techno Blast,TechnoBlast,Normal,Special,,,120,190,5040,2640,7980,4180,100%,,,,
,564,VI,Relic Song,RelicSong,Normal,Special,,,75,140,3150,1650,5880,3080,100%,,,,
,565,VI,Secret Sword,SecretSword,Fighting,Special,,,85,160,3570,1870,6720,3520,100%,,,,
,566,VI,Glaciate,Glaciate,Ice,Special,,,65,120,2730,1430,5040,2640,95%,,,,
,567,VI,Bolt Strike,BoltStrike,Electric,Physical,,,130,195,5460,2860,8190,4290,85%,,,,
,568,VI,Blue Flare,BlueFlare,Fire,Special,,,130,195,5460,2860,8190,4290,85%,,,,
,569,VI,Fiery Dance,FieryDance,Fire,Special,,,80,160,3360,1760,6720,3520,100%,,,,
,570,VI,Freeze Shock,FreezeShock,Ice,Physical,,,140,200,5880,3080,8400,4400,90%,,,,
,571,VI,Ice Burn,IceBurn,Ice,Special,,,140,200,5880,3080,8400,4400,90%,,,,
,572,VI,Snarl,Snarl,Dark,Special,,,55,100,2310,1210,4200,2200,95%,,,,
,573,VI,Icicle Crash,IcicleCrash,Ice,Physical,,,85,160,3570,1870,6720,3520,90%,,,,
,574,VI,V-create,Vcreate,Fire,Physical,,,180,220,7560,3960,9240,4840,95%,,,,
,575,VI,Fusion Flare,FusionFlare,Fire,Special,,,100,180,4200,2200,7560,3960,100%,,,,
,576,VI,Fusion Bolt,FusionBolt,Electric,Physical,,,100,180,4200,2200,7560,3960,100%,,,,
,577,VI,Flying Press,FlyingPress,Fighting,Physical,,,100,170,4200,2200,7140,3740,95%,,,,
,578,VI,Mat Block,MatBlock,Fighting,Status,,,0,0,0,0,0,0,0%,,,,
,579,VI,Belch,Belch,Poison,Special,,,120,190,5040,2640,7980,4180,90%,,,,
,580,VI,Rototiller,Rototiller,Ground,Status,,,0,0,0,0,0,0,0%,,,,
,581,VI,Sticky Web,StickyWeb,Bug,Status,,,0,0,0,0,0,0,0%,,,,
,582,VI,Fell Stinger,FellStinger,Bug,Physical,,,50,100,2100,1100,4200,2200,100%,,,,
,583,VI,Phantom Force,PhantomForce,Ghost,Physical,,,90,175,3780,1980,7350,3850,100%,,,,
,584,VI,Trick-or-Treat,TrickorTreat,Ghost,Status,,,0,0,0,0,0,0,100%,,,,
,585,VI,Noble Roar,NobleRoar,Normal,Status,,,0,0,0,0,0,0,100%,,,,
,586,VI,Ion Deluge,IonDeluge,Electric,Status,,,0,0,0,0,0,0,0%,,,,
,587,VI,Parabolic Charge,ParabolicCharge,Electric,Special,,,65,120,2730,1430,5040,2640,100%,,,,
,588,VI,Forest's Curse,ForestsCurse,Grass,Status,,,0,0,0,0,0,0,100%,,,,
,589,VI,Petal Blizzard,PetalBlizzard,Grass,Physical,,,90,175,3780,1980,7350,3850,100%,,,,
,590,VI,Freeze-Dry,FreezeDry,Ice,Special,,,70,140,2940,1540,5880,3080,100%,,,,
,591,VI,Disarming Voice,DisarmingVoice,Fairy,Special,,,40,100,1680,880,4200,2200,0%,,,,
,592,VI,Parting Shot,PartingShot,Dark,Status,,,0,0,0,0,0,0,100%,,,,
,593,VI,Topsy-Turvy,TopsyTurvy,Dark,Status,,,0,0,0,0,0,0,0%,,,,
,594,VI,Draining Kiss,DrainingKiss,Fairy,Special,,,50,100,2100,1100,4200,2200,100%,,,,
,595,VI,Crafty Shield,CraftyShield,Fairy,Status,,,0,0,0,0,0,0,0%,,,,
,596,VI,Flower Shield,FlowerShield,Fairy,Status,,,0,0,0,0,0,0,0%,,,,
,597,VI,Grassy Terrain,GrassyTerrain,Grass,Status,,,0,0,0,0,0,0,0%,,,,
,598,VI,Misty Terrain,MistyTerrain,Fairy,Status,,,0,0,0,0,0,0,0%,,,,
,599,VI,Electrify,Electrify,Electric,Status,,,0,0,0,0,0,0,0%,,,,
,600,VI,Play Rough,PlayRough,Fairy,Physical,,,90,175,3780,1980,7350,3850,90%,,,,
,601,VI,Fairy Wind,FairyWind,Fairy,Special,,,40,100,1680,880,4200,2200,100%,,,,
,602,VI,Moonblast,Moonblast,Fairy,Special,,,95,175,3990,2090,7350,3850,100%,,,,
,603,VI,Boomburst,Boomburst,Normal,Special,,,140,200,5880,3080,8400,4400,100%,,,,
,604,VI,Fairy Lock,FairyLock,Fairy,Status,,,0,0,0,0,0,0,0%,,,,
,605,VI,King's Shield,KingsShield,Steel,Status,,,0,0,0,0,0,0,0%,,,,
,606,VI,Play Nice,PlayNice,Normal,Status,,,0,0,0,0,0,0,0%,,,,
,607,VI,Confide,Confide,Normal,Status,,,0,0,0,0,0,0,0%,,,,
,608,VI,Diamond Storm,DiamondStorm,Rock,Physical,,,100,180,4200,2200,7560,3960,95%,,,,
,609,VI,Steam Eruption,SteamEruption,Water,Special,,,110,185,4620,2420,7770,4070,95%,,,,
,610,VI,Hyperspace Hole,HyperspaceHole,Psychic,Special,,,80,160,3360,1760,6720,3520,0%,,,,
,611,VI,Water Shuriken,WaterShuriken,Water,Special,,,15,100,630,330,4200,2200,100%,,,,
,612,VI,Mystical Fire,MysticalFire,Fire,Special,,,75,140,3150,1650,5880,3080,100%,,,,
,613,VI,Spiky Shield,SpikyShield,Grass,Status,,,0,0,0,0,0,0,0%,,,,
,614,VI,Aromatic Mist,AromaticMist,Fairy,Status,,,0,0,0,0,0,0,0%,,,,
,615,VI,Eerie Impulse,EerieImpulse,Electric,Status,,,0,0,0,0,0,0,100%,,,,
,616,VI,Venom Drench,VenomDrench,Poison,Status,,,0,0,0,0,0,0,100%,,,,
,617,VI,Powder,Powder,Bug,Status,,,0,0,0,0,0,0,100%,,,,
,618,VI,Geomancy,Geomancy,Fairy,Status,,,0,0,0,0,0,0,0%,,,,
,619,VI,Magnetic Flux,MagneticFlux,Electric,Status,,,0,0,0,0,0,0,0%,,,,
,620,VI,Happy Hour,HappyHour,Normal,Status,,,0,0,0,0,0,0,0%,,,,
,621,VI,Electric Terrain,ElectricTerrain,Electric,Status,,,0,0,0,0,0,0,0%,,,,
,622,VII,Dazzling Gleam,DazzlingGleam,Fairy,Special,,,80,160,3360,1760,6720,3520,100%,,,,
,623,VII,Celebrate,Celebrate,Normal,Status,,,0,0,0,0,0,0,0%,,,,
,624,VII,Hold Hands,HoldHands,Normal,Status,,,0,0,0,0,0,0,0%,,,,
,625,VII,Baby-Doll Eyes,BabyDollEyes,Fairy,Status,,,0,0,0,0,0,0,100%,,,,
,626,VII,Nuzzle,Nuzzle,Electric,Physical,,,20,100,840,440,4200,2200,100%,,,,
,627,VII,Hold Back,HoldBack,Normal,Physical,,,40,100,1680,880,4200,2200,100%,,,,
,628,VII,Infestation,Infestation,Bug,Special,,,20,100,840,440,4200,2200,100%,,,,
,629,VII,Power-Up Punch,PowerUpPunch,Fighting,Physical,,,40,100,1680,880,4200,2200,100%,,,,
,630,VII,Oblivion Wing,OblivionWing,Flying,Special,,,80,160,3360,1760,6720,3520,100%,,,,
,631,VII,Thousand Arrows,ThousandArrows,Ground,Physical,,,90,175,3780,1980,7350,3850,100%,,,,
,632,VII,Thousand Waves,ThousandWaves,Ground,Physical,,,90,175,3780,1980,7350,3850,100%,,,,
,633,VII,Land's Wrath,LandsWrath,Ground,Physical,,,90,175,3780,1980,7350,3850,100%,,,,
,634,VII,Light of Ruin,LightofRuin,Fairy,Special,,,140,200,5880,3080,8400,4400,90%,,,,
,635,VII,Origin Pulse,OriginPulse,Water,Special,,,110,185,4620,2420,7770,4070,85%,,,,
,636,VII,Precipice Blades,PrecipiceBlades,Ground,Physical,,,120,190,5040,2640,7980,4180,85%,,,,
,637,VII,Dragon Ascent,DragonAscent,Flying,Physical,,,120,190,5040,2640,7980,4180,100%,,,,
,638,VII,Hyperspace Fury,HyperspaceFury,Dark,Physical,,,100,180,4200,2200,7560,3960,0%,,,,
,639,VII,Breakneck Blitz,BreakneckBlitz,Normal,Physical,,,0,0,0,0,0,0,0%,,,,
,640,VII,Breakneck Blitz,BreakneckBlitz,Normal,Physical,,,0,0,0,0,0,0,0%,,,,
,641,VII,All-Out Pummeling,AllOutPummeling,Fighting,Physical,,,0,0,0,0,0,0,0%,,,,
,642,VII,All-Out Pummeling,AllOutPummeling,Fighting,Physical,,,0,0,0,0,0,0,0%,,,,
,643,VII,Supersonic Skystrike,SupersonicSkystrike,Flying,Physical,,,0,0,0,0,0,0,0%,,,,
,644,VII,Supersonic Skystrike,SupersonicSkystrike,Flying,Physical,,,0,0,0,0,0,0,0%,,,,
,645,VII,Acid Downpour,AcidDownpour,Poison,Physical,,,0,0,0,0,0,0,0%,,,,
,646,VII,Acid Downpour,AcidDownpour,Poison,Physical,,,0,0,0,0,0,0,0%,,,,
,647,VII,Tectonic Rage,TectonicRage,Ground,Physical,,,0,0,0,0,0,0,0%,,,,
,648,VII,Tectonic Rage,TectonicRage,Ground,Physical,,,0,0,0,0,0,0,0%,,,,
,649,VII,Continental Crush,ContinentalCrush,Rock,Physical,,,0,0,0,0,0,0,0%,,,,
,650,VII,Continental Crush,ContinentalCrush,Rock,Physical,,,0,0,0,0,0,0,0%,,,,
,651,VII,Savage Spin-Out,SavageSpinOut,Bug,Physical,,,0,0,0,0,0,0,0%,,,,
,652,VII,Savage Spin-Out,SavageSpinOut,Bug,Physical,,,0,0,0,0,0,0,0%,,,,
,653,VII,Never-Ending Nightmare,NeverEndingNightmare,Ghost,Physical,,,0,0,0,0,0,0,0%,,,,
,654,VII,Never-Ending Nightmare,NeverEndingNightmare,Ghost,Physical,,,0,0,0,0,0,0,0%,,,,
,655,VII,Corkscrew Crash,CorkscrewCrash,Steel,Physical,,,0,0,0,0,0,0,0%,,,,
,656,VII,Corkscrew Crash,CorkscrewCrash,Steel,Physical,,,0,0,0,0,0,0,0%,,,,
,657,VII,Inferno Overdrive,InfernoOverdrive,Fire,Physical,,,0,0,0,0,0,0,0%,,,,
,658,VII,Inferno Overdrive,InfernoOverdrive,Fire,Physical,,,0,0,0,0,0,0,0%,,,,
,659,VII,Hydro Vortex,HydroVortex,Water,Physical,,,0,0,0,0,0,0,0%,,,,
,660,VII,Hydro Vortex,HydroVortex,Water,Physical,,,0,0,0,0,0,0,0%,,,,
,661,VII,Bloom Doom,BloomDoom,Grass,Physical,,,0,0,0,0,0,0,0%,,,,
,662,VII,Bloom Doom,BloomDoom,Grass,Physical,,,0,0,0,0,0,0,0%,,,,
,663,VII,Gigavolt Havoc,GigavoltHavoc,Electric,Physical,,,0,0,0,0,0,0,0%,,,,
,664,VII,Gigavolt Havoc,GigavoltHavoc,Electric,Physical,,,0,0,0,0,0,0,0%,,,,
,665,VII,Shattered Psyche,ShatteredPsyche,Psychic,Physical,,,0,0,0,0,0,0,0%,,,,
,666,VII,Shattered Psyche,ShatteredPsyche,Psychic,Physical,,,0,0,0,0,0,0,0%,,,,
,667,VII,Subzero Slammer,SubzeroSlammer,Ice,Physical,,,0,0,0,0,0,0,0%,,,,
,668,VII,Subzero Slammer,SubzeroSlammer,Ice,Physical,,,0,0,0,0,0,0,0%,,,,
,669,VII,Devastating Drake,DevastatingDrake,Dragon,Physical,,,0,0,0,0,0,0,0%,,,,
,670,VII,Devastating Drake,DevastatingDrake,Dragon,Physical,,,0,0,0,0,0,0,0%,,,,
,671,VII,Black Hole Eclipse,BlackHoleEclipse,Dark,Physical,,,0,0,0,0,0,0,0%,,,,
,672,VII,Black Hole Eclipse,BlackHoleEclipse,Dark,Physical,,,0,0,0,0,0,0,0%,,,,
,673,VII,Twinkle Tackle,TwinkleTackle,Fairy,Physical,,,0,0,0,0,0,0,0%,,,,
,674,VII,Twinkle Tackle,TwinkleTackle,Fairy,Physical,,,0,0,0,0,0,0,0%,,,,
,675,VII,Catastropika,Catastropika,Electric,Physical,,,210,200,8820,4620,8400,4400,0%,,,,
,676,VII,Shore Up,ShoreUp,Ground,Status,,,0,0,0,0,0,0,0%,,,,
,677,VII,First Impression,FirstImpression,Bug,Physical,,,90,175,3780,1980,7350,3850,100%,,,,
,678,VII,Baneful Bunker,BanefulBunker,Poison,Status,,,0,0,0,0,0,0,0%,,,,
,679,VII,Spirit Shackle,SpiritShackle,Ghost,Physical,,,80,160,3360,1760,6720,3520,100%,,,,
,680,VII,Darkest Lariat,DarkestLariat,Dark,Physical,,,85,160,3570,1870,6720,3520,100%,,,,
,681,VII,Sparkling Aria,SparklingAria,Water,Special,,,90,175,3780,1980,7350,3850,100%,,,,
,682,VII,Ice Hammer,IceHammer,Ice,Physical,,,100,180,4200,2200,7560,3960,90%,,,,
,683,VII,Floral Healing,FloralHealing,Fairy,Status,,,0,0,0,0,0,0,0%,,,,
,684,VII,High Horsepower,HighHorsepower,Ground,Physical,,,95,175,3990,2090,7350,3850,95%,,,,
,685,VII,Strength Sap,StrengthSap,Grass,Status,,,0,0,0,0,0,0,100%,,,,
,686,VII,Solar Blade,SolarBlade,Grass,Physical,,,125,190,5250,2750,7980,4180,100%,,,,
,687,VII,Leafage,Leafage,Grass,Physical,,,40,100,1680,880,4200,2200,100%,,,,
,688,VII,Spotlight,Spotlight,Normal,Status,,,0,0,0,0,0,0,0%,,,,
,689,VII,Toxic Thread,ToxicThread,Poison,Status,,,0,0,0,0,0,0,100%,,,,
,690,VII,Laser Focus,LaserFocus,Normal,Status,,,0,0,0,0,0,0,0%,,,,
,691,VII,Gear Up,GearUp,Steel,Status,,,0,0,0,0,0,0,0%,,,,
,692,VII,Throat Chop,ThroatChop,Dark,Physical,,,80,160,3360,1760,6720,3520,100%,,,,
,693,VII,Pollen Puff,PollenPuff,Bug,Special,,,90,175,3780,1980,7350,3850,100%,,,,
,694,VII,Anchor Shot,AnchorShot,Steel,Physical,,,80,160,3360,1760,6720,3520,100%,,,,
,695,VII,Psychic Terrain,PsychicTerrain,Psychic,Status,,,0,0,0,0,0,0,0%,,,,
,696,VII,Lunge,Lunge,Bug,Physical,,,80,160,3360,1760,6720,3520,100%,,,,
,697,VII,Fire Lash,FireLash,Fire,Physical,,,80,160,3360,1760,6720,3520,100%,,,,
,698,VII,Power Trip,PowerTrip,Dark,Physical,,,20,100,840,440,4200,2200,100%,,,,
,699,VII,Burn Up,BurnUp,Fire,Special,,,130,195,5460,2860,8190,4290,100%,,,,
,700,VII,Speed Swap,SpeedSwap,Psychic,Status,,,0,0,0,0,0,0,0%,,,,
,701,VII,Smart Strike,SmartStrike,Steel,Physical,,,70,140,2940,1540,5880,3080,0%,,,,
,702,VII,Purify,Purify,Poison,Status,,,0,0,0,0,0,0,0%,,,,
,703,VII,Revelation Dance,RevelationDance,Normal,Special,,,90,175,3780,1980,7350,3850,100%,,,,
,704,VII,Core Enforcer,CoreEnforcer,Dragon,Special,,,100,140,4200,2200,5880,3080,100%,,,,
,705,VII,Trop Kick,TropKick,Grass,Physical,,,70,140,2940,1540,5880,3080,100%,,,,
,706,VII,Instruct,Instruct,Psychic,Status,,,0,0,0,0,0,0,0%,,,,
,707,VII,Beak Blast,BeakBlast,Flying,Physical,,,100,180,4200,2200,7560,3960,100%,,,,
,708,VII,Clanging Scales,ClangingScales,Dragon,Special,,,110,185,4620,2420,7770,4070,100%,,,,
,709,VII,Dragon Hammer,DragonHammer,Dragon,Physical,,,90,175,3780,1980,7350,3850,100%,,,,
,710,VII,Brutal Swing,BrutalSwing,Dark,Physical,,,60,120,2520,1320,5040,2640,100%,,,,
,711,VII,Aurora Veil,AuroraVeil,Ice,Status,,,0,0,0,0,0,0,0%,,,,
,712,VII,Sinister Arrow Raid,SinisterArrowRaid,Ghost,Physical,,,180,200,7560,3960,8400,4400,0%,,,,
,713,VII,Malicious Moonsault,MaliciousMoonsault,Dark,Physical,,,180,200,7560,3960,8400,4400,0%,,,,
,714,VII,Oceanic Operetta,OceanicOperetta,Water,Special,,,195,200,8190,4290,8400,4400,0%,,,,
,715,VII,Guardian of Alola,GuardianofAlola,Fairy,Special,,,0,0,0,0,0,0,0%,,,,
,716,VII,Soul-Stealing 7-Star Strike,SoulStealing7StarStrike,Ghost,Physical,,,195,200,8190,4290,8400,4400,0%,,,,
,717,VII,Stoked Sparksurfer,StokedSparksurfer,Electric,Special,,,175,200,7350,3850,8400,4400,0%,,,,
,718,VII,Pulverizing Pancake,PulverizingPancake,Normal,Physical,,,210,200,8820,4620,8400,4400,0%,,,,
,719,VII,Extreme Evoboost,ExtremeEvoboost,Normal,Status,,,0,0,0,0,0,0,0%,,,,
,720,VII,Genesis Supernova,GenesisSupernova,Psychic,Special,,,185,200,7770,4070,8400,4400,0%,,,,
,721,VII,Shell Trap,ShellTrap,Fire,Special,,,150,200,6300,3300,8400,4400,100%,,,,
,722,VII,Fleur Cannon,FleurCannon,Fairy,Special,,,130,195,5460,2860,8190,4290,90%,,,,
,723,VII,Psychic Fangs,PsychicFangs,Psychic,Physical,,,85,160,3570,1870,6720,3520,100%,,,,
,724,VII,Stomping Tantrum,StompingTantrum,Ground,Physical,,,75,140,3150,1650,5880,3080,100%,,,,
,724,VII,Stomping Tantrum (Boosted),StompingTantrum(Boosted),Ground,Physical,,,150,140,6300,3300,5880,3080,100%,,,,
,725,VII,Shadow Bone,ShadowBone,Ghost,Physical,,,85,160,3570,1870,6720,3520,100%,,,,
,726,VII,Accelerock,Accelerock,Rock,Physical,,,40,100,1680,880,4200,2200,100%,,,,
,727,VII,Liquidation,Liquidation,Water,Physical,,,85,160,3570,1870,6720,3520,100%,,,,
,728,VII,Prismatic Laser,PrismaticLaser,Psychic,Special,,,160,200,6720,3520,8400,4400,100%,,,,
,729,VII,Spectral Thief,SpectralThief,Ghost,Physical,,,90,175,3780,1980,7350,3850,100%,,,,
,730,VII,Sunsteel Strike,SunsteelStrike,Steel,Physical,,,100,180,4200,2200,7560,3960,100%,,,,
,731,VII,Moongeist Beam,MoongeistBeam,Ghost,Special,,,100,180,4200,2200,7560,3960,100%,,,,
,732,VII,Tearful Look,TearfulLook,Normal,Status,,,0,0,0,0,0,0,0%,,,,
,733,VII,Zing Zap,ZingZap,Electric,Physical,,,80,160,3360,1760,6720,3520,100%,,,,
,734,VII,Nature's Madness,NaturesMadness,Fairy,Special,,,0,0,0,0,0,0,90%,,,,
,735,VII,Multi-Attack,MultiAttack,Normal,Physical,,,120,190,5040,2640,7980,4180,100%,,,,
,736,VII,"10,000,000 Volt Thunderbolt","10,000,000VoltThunderbolt",Electric,Special,,,195,200,8190,4290,8400,4400,0%,,,,
,737,VII,Mind Blown,MindBlown,Fire,Special,,,150,200,6300,3300,8400,4400,100%,,,,
,738,VII,Plasma Fists,PlasmaFists,Electric,Physical,,,100,180,4200,2200,7560,3960,100%,,,,
,739,VII,Photon Geyser,PhotonGeyser,Psychic,Special,,,100,180,4200,2200,7560,3960,100%,,,,
,740,VII,Light That Burns the Sky,LightThatBurnstheSky,Psychic,Special,,,200,200,8400,4400,8400,4400,0%,,,,
,741,VII,Searing Sunraze Smash,SearingSunrazeSmash,Steel,Physical,,,200,200,8400,4400,8400,4400,0%,,,,
,742,VII,Menacing Moonraze Maelstrom,MenacingMoonrazeMaelstrom,Ghost,Special,,,200,200,8400,4400,8400,4400,0%,,,,
,743,VIII,Let's Snuggle Forever,LetsSnuggleForever,Fairy,Physical,,,190,200,7980,4180,8400,4400,0%,,,,
,744,VIII,Splintered Stormshards,SplinteredStormshards,Rock,Physical,,,190,200,7980,4180,8400,4400,0%,,,,
,745,VIII,Clangorous Soulblaze,ClangorousSoulblaze,Dragon,Special,,,185,200,7770,4070,8400,4400,0%,,,,
,746,VIII,Zippy Zap,ZippyZap,Electric,Physical,,,80,160,3360,1760,6720,3520,100%,,,,
,747,VIII,Splishy Splash,SplishySplash,Water,Special,,,90,175,3780,1980,7350,3850,100%,,,,
,748,VIII,Floaty Fall,FloatyFall,Flying,Physical,,,90,175,3780,1980,7350,3850,95%,,,,
,749,VIII,Pika Papow,PikaPapow,Electric,Special,,,0,0,0,0,0,0,0%,,,,
,750,VIII,Bouncy Bubble,BouncyBubble,Water,Special,,,60,120,2520,1320,5040,2640,100%,,,,
,751,VIII,Buzzy Buzz,BuzzyBuzz,Electric,Special,,,60,120,2520,1320,5040,2640,100%,,,,
,752,VIII,Sizzly Slide,SizzlySlide,Fire,Physical,,,60,120,2520,1320,5040,2640,100%,,,,
,753,VIII,Glitzy Glow,GlitzyGlow,Psychic,Special,,,80,160,3360,1760,6720,3520,95%,,,,
,754,VIII,Baddy Bad,BaddyBad,Dark,Special,,,80,160,3360,1760,6720,3520,95%,,,,
,755,VIII,Sappy Seed,SappySeed,Grass,Physical,,,100,180,4200,2200,7560,3960,90%,,,,
,756,VIII,Freezy Frost,FreezyFrost,Ice,Special,,,100,180,4200,2200,7560,3960,90%,,,,
,757,VIII,Sparkly Swirl,SparklySwirl,Fairy,Special,,,120,190,5040,2640,7980,4180,85%,,,,
,758,VIII,Veevee Volley,VeeveeVolley,Normal,Physical,,,0,0,0,0,0,0,0%,,,,
,759,VIII,Double Iron Bash,DoubleIronBash,Steel,Physical,,,60,120,2520,1320,5040,2640,100%,,,,
,760,VIII,Max Guard,MaxGuard,Normal,Status,,,0,0,0,0,0,0,0%,,,,
,761,VIII,Dynamax Cannon,DynamaxCannon,Dragon,Special,,,100,180,4200,2200,7560,3960,100%,,,,
,762,VIII,Snipe Shot,SnipeShot,Water,Special,,,80,160,3360,1760,6720,3520,100%,,,,
,763,VIII,Jaw Lock,JawLock,Dark,Physical,,,80,160,3360,1760,6720,3520,100%,,,,
,764,VIII,Stuff Cheeks,StuffCheeks,Normal,Status,,,0,0,0,0,0,0,0%,,,,
,765,VIII,No Retreat,NoRetreat,Fighting,Status,,,0,0,0,0,0,0,0%,,,,
,766,VIII,Tar Shot,TarShot,Rock,Status,,,0,0,0,0,0,0,100%,,,,
,767,VIII,Magic Powder,MagicPowder,Psychic,Status,,,0,0,0,0,0,0,100%,,,,
,768,VIII,Dragon Darts,DragonDarts,Dragon,Physical,,,50,100,2100,1100,4200,2200,100%,,,,
,769,VIII,Teatime,Teatime,Normal,Status,,,0,0,0,0,0,0,0%,,,,
,770,VIII,Octolock,Octolock,Fighting,Status,,,0,0,0,0,0,0,100%,,,,
,771,VIII,Bolt Beak,BoltBeak,Electric,Physical,,,85,160,3570,1870,6720,3520,100%,,,,
,772,VIII,Fishious Rend,FishiousRend,Water,Physical,,,85,160,3570,1870,6720,3520,100%,,,,
,773,VIII,Court Change,CourtChange,Normal,Status,,,0,0,0,0,0,0,100%,,,,
,774,VIII,Max Flare,MaxFlare,Fire,???,,,0,0,0,0,0,0,0%,,,,
,775,VIII,Max Flutterby,MaxFlutterby,Bug,???,,,0,0,0,0,0,0,0%,,,,
,776,VIII,Max Lightning,MaxLightning,Electric,???,,,0,0,0,0,0,0,0%,,,,
,777,VIII,Max Strike,MaxStrike,Normal,???,,,0,0,0,0,0,0,0%,,,,
,778,VIII,Max Knuckle,MaxKnuckle,Fighting,???,,,0,0,0,0,0,0,0%,,,,
,779,VIII,Max Phantasm,MaxPhantasm,Ghost,???,,,0,0,0,0,0,0,0%,,,,
,780,VIII,Max Hailstorm,MaxHailstorm,Ice,???,,,0,0,0,0,0,0,0%,,,,
,781,VIII,Max Ooze,MaxOoze,Poison,???,,,0,0,0,0,0,0,0%,,,,
,782,VIII,Max Geyser,MaxGeyser,Water,???,,,0,0,0,0,0,0,0%,,,,
,783,VIII,Max Airstream,MaxAirstream,Flying,???,,,0,0,0,0,0,0,0%,,,,
,783,VIII,Max Starfall,MaxStarfall,Fairy,???,,,0,0,0,0,0,0,0%,,,,
,784,VIII,Max Wyrmwind,MaxWyrmwind,Dragon,???,,,0,0,0,0,0,0,0%,,,,
,785,VIII,Max Mindstorm,MaxMindstorm,Psychic,???,,,0,0,0,0,0,0,0%,,,,
,786,VIII,Max Rockfall,MaxRockfall,Rock,???,,,0,0,0,0,0,0,0%,,,,
,787,VIII,Max Quake,MaxQuake,Ground,???,,,0,0,0,0,0,0,0%,,,,
,788,VIII,Max Darkness,MaxDarkness,Dark,???,,,0,0,0,0,0,0,0%,,,,
,789,VIII,Max Overgrowth,MaxOvergrowth,Grass,???,,,0,0,0,0,0,0,0%,,,,
,790,VIII,Max Steelspike,MaxSteelspike,Steel,???,,,0,0,0,0,0,0,0%,,,,
,791,VIII,Clangorous Soul,ClangorousSoul,Dragon,Status,,,0,0,0,0,0,0,0%,,,,
,792,VIII,Body Press,BodyPress,Fighting,Physical,,,80,160,3360,1760,6720,3520,100%,,,,
,793,VIII,Decorate,Decorate,Fairy,Status,,,0,0,0,0,0,0,0%,,,,
,794,VIII,Drum Beating,DrumBeating,Grass,Physical,,,80,160,3360,1760,6720,3520,100%,,,,
,795,VIII,Snap Trap,SnapTrap,Grass,Physical,,,35,100,1470,770,4200,2200,100%,,,,
,796,VIII,Pyro Ball,PyroBall,Fire,Physical,,,120,190,5040,2640,7980,4180,90%,,,,
,797,VIII,Behemoth Blade,BehemothBlade,Steel,Physical,,,100,180,4200,2200,7560,3960,100%,,,,
,798,VIII,Behemoth Bash,BehemothBash,Steel,Physical,,,100,180,4200,2200,7560,3960,100%,,,,
,799,VIII,Aura Wheel,AuraWheel,Electric,Physical,,,110,185,4620,2420,7770,4070,100%,,,,
,800,VIII,Breaking Swipe,BreakingSwipe,Dragon,Physical,,,60,120,2520,1320,5040,2640,100%,,,,
,801,VIII,Branch Poke,BranchPoke,Grass,Physical,,,40,100,1680,880,4200,2200,100%,,,,
,802,VIII,Overdrive,Overdrive,Electric,Special,,,80,160,3360,1760,6720,3520,100%,,,,
,803,VIII,Apple Acid,AppleAcid,Grass,Special,,,80,160,3360,1760,6720,3520,100%,,,,
,804,VIII,Grav Apple,GravApple,Grass,Physical,,,80,160,3360,1760,6720,3520,100%,,,,
,805,VIII,Spirit Break,SpiritBreak,Fairy,Physical,,,75,140,3150,1650,5880,3080,100%,,,,
,806,VIII,Strange Steam,StrangeSteam,Fairy,Special,,,90,175,3780,1980,7350,3850,95%,,,,
,807,VIII,Life Dew,LifeDew,Water,Status,,,0,0,0,0,0,0,0%,,,,
,808,VIII,Obstruct,Obstruct,Dark,Status,,,0,0,0,0,0,0,100%,,,,
,809,VIII,False Surrender,FalseSurrender,Dark,Physical,,,80,160,3360,1760,6720,3520,0%,,,,
,810,VIII,Meteor Assault,MeteorAssault,Fighting,Physical,,,150,200,6300,3300,8400,4400,100%,,,,
,811,VIII,Eternabeam,Eternabeam,Dragon,Special,,,160,200,6720,3520,8400,4400,90%,,,,
,812,VIII,Steel Beam,SteelBeam,Steel,Special,,,140,200,5880,3080,8400,4400,95%,,,,
,813,VIII,Expanding Force,ExpandingForce,Psychic,Special,,,80,160,3360,1760,6720,3520,100%,,,,
,814,VIII,Steel Roller,SteelRoller,Steel,Physical,,,130,195,5460,2860,8190,4290,100%,,,,
,815,VIII,Scale Shot,ScaleShot,Dragon,Physical,,,25,100,1050,550,4200,2200,90%,,,,
,816,VIII,Meteor Beam,MeteorBeam,Rock,Special,,,120,190,5040,2640,7980,4180,90%,,,,
,817,VIII,Shell Side Arm,ShellSideArm,Poison,Special,,,90,175,3780,1980,7350,3850,100%,,,,
,818,VIII,Misty Explosion,MistyExplosion,Fairy,Special,,,100,180,4200,2200,7560,3960,100%,,,,
,819,VIII,Grassy Glide,GrassyGlide,Grass,Physical,,,55,120,2310,1210,5040,2640,100%,,,,
,820,VIII,Rising Voltage,RisingVoltage,Electric,Special,,,70,140,2940,1540,5880,3080,100%,,,,
,821,VIII,Terrain Pulse,TerrainPulse,Normal,Special,,,50,100,2100,1100,4200,2200,100%,,,,
,822,VIII,Skitter Smack,SkitterSmack,Bug,Physical,,,70,140,2940,1540,5880,3080,90%,,,,
,823,VIII,Burning Jealousy,BurningJealousy,Fire,Special,,,70,140,2940,1540,5880,3080,100%,,,,
,824,VIII,Lash Out,LashOut,Dark,Physical,,,75,140,3150,1650,5880,3080,100%,,,,
,825,VIII,Poltergeist,Poltergeist,Ghost,Physical,,,110,185,4620,2420,7770,4070,90%,,,,
,826,VIII,Corrosive Gas,CorrosiveGas,Poison,Status,,,0,0,0,0,0,0,100%,,,,
,,,Coaching,Coaching,Fighting,Status,,,0,0,0,0,0,0,0%,,,,
,,,Flip Turn,FlipTurn,Water,Physical,,,60,120,2520,1320,5040,2640,100%,,,,
,,,Triple Axel,TripleAxel,Ice,Physical,,,120,100,5040,2640,4200,2200,90%,,,,
,,,Triple Axel (All),TripleAxel(All),Ice,Physical,,,120,100,5040,2640,4200,2200,90%,,,,
,,,Dual Wingbeat,DualWingbeat,Flying,Physical,,,40,100,1680,880,4200,2200,90%,,,,
,,,Scorching Sands,ScorchingSands,Ground,Special,,,70,140,2940,1540,5880,3080,100%,,,,
,,,Jungle Healing,JungleHealing,Grass,Status,,,0,0,0,0,0,0,0%,,,,
,,,Wicked Blow,WickedBlow,Dark,Physical,,,75,140,3150,1650,5880,3080,100%,,,,
,,,Surging Strikes,SurgingStrikes,Water,Physical,,,25,100,1050,550,4200,2200,100%,,,,
,,,Thunder Cage,ThunderCage,Electric,Special,,,80,160,3360,1760,6720,3520,90%,,,,
,,,Dragon Energy,DragonEnergy,Dragon,Special,,,150,200,6300,3300,8400,4400,100%,,,,
,,,Freezing Glare,FreezingGlare,Psychic,Special,,,90,175,3780,1980,7350,3850,100%,,,,
,,,Fiery Wrath,FieryWrath,Dark,Special,,,90,175,3780,1980,7350,3850,100%,,,,
,,,Thunderous Kick,ThunderousKick,Fighting,Physical,,,90,175,3780,1980,7350,3850,100%,,,,
,,,Glacial Lance,GlacialLance,Ice,Physical,,,120,190,5040,2640,7980,4180,100%,,,,
,,,Astral Barrage,AstralBarrage,Ghost,Special,,,120,190,5040,2640,7980,4180,100%,,,,
,,,Eerie Spell,EerieSpell,Psychic,Special,,,80,160,3360,1760,6720,3520,100%,,,,
,,,Dire Claw,DireClaw,Poison,Physical,,,80,160,3360,1760,6720,3520,100%,,,,
,,,Psyshield Bash,PsyshieldBash,Psychic,Physical,,,70,140,2940,1540,5880,3080,90%,,,,
,,,Power Shift,PowerShift,Normal,Status,,,0,0,0,0,0,0,0%,,,,
,,,Stone Axe,StoneAxe,Rock,Physical,,,65,120,2730,1430,5040,2640,90%,,,,
,,,Springtide Storm,SpringtideStorm,Fairy,Special,,,100,180,4200,2200,7560,3960,80%,,,,
,,,Mystical Power,MysticalPower,Psychic,Special,,,70,140,2940,1540,5880,3080,90%,,,,
,,,Raging Fury,RagingFury,Fire,Physical,,,120,190,5040,2640,7980,4180,100%,,,,
,,,Wave Crash,WaveCrash,Water,Physical,,,120,190,5040,2640,7980,4180,100%,,,,
,,,Chloroblast,Chloroblast,Grass,Special,,,150,200,6300,3300,8400,4400,95%,,,,
,,,Mountain Gale,MountainGale,Ice,Physical,,,100,180,4200,2200,7560,3960,85%,,,,
,,,Victory Dance,VictoryDance,Fighting,Status,,,0,0,0,0,0,0,0%,,,,
,,,Headlong Rush,HeadlongRush,Ground,Physical,,,120,190,5040,2640,7980,4180,100%,,,,
,,,Barb Barrage,BarbBarrage,Poison,Physical,,,60,120,2520,1320,5040,2640,100%,,,,
,,,Esper Wing,EsperWing,Psychic,Special,,,80,160,3360,1760,6720,3520,100%,,,,
,,,Bitter Malice,BitterMalice,Ghost,Special,,,75,140,3150,1650,5880,3080,100%,,,,
,,,Shelter,Shelter,Steel,Status,,,0,0,0,0,0,0,0%,,,,
,,,Triple Arrows,TripleArrows,Fighting,Physical,,,90,175,3780,1980,7350,3850,100%,,,,
,,,Infernal Parade,InfernalParade,Ghost,Special,,,60,120,2520,1320,5040,2640,100%,,,,
,,,Ceaseless Edge,CeaselessEdge,Dark,Physical,,,65,120,2730,1430,5040,2640,90%,,,,
,,,Bleakwind Storm,BleakwindStorm,Flying,Special,,,100,180,4200,2200,7560,3960,80%,,,,
,,,Wildbolt Storm,WildboltStorm,Electric,Special,,,100,180,4200,2200,7560,3960,80%,,,,
,,,Sandsear Storm,SandsearStorm,Ground,Special,,,100,180,4200,2200,7560,3960,80%,,,,
,,,Lunar Blessing,LunarBlessing,Psychic,Status,,,0,0,0,0,0,0,0%,,,,
,,,Take Heart,TakeHeart,Psychic,Status,,,0,0,0,0,0,0,0%,,,,
,,,Tera Blast,TeraBlast,Normal,Special,,,80,160,3360,1760,6720,3520,100%,,,,
,,,Silk Trap,SilkTrap,Bug,Status,,,0,0,0,0,0,0,0%,,,,
,,,Axe Kick,AxeKick,Fighting,Physical,,,120,190,5040,2640,7980,4180,90%,,,,
,,,Last Respects,LastRespects,Ghost,Physical,,,50,100,2100,1100,4200,2200,100%,,,,
,,,Lumina Crash,LuminaCrash,Psychic,Special,,,80,160,3360,1760,6720,3520,100%,,,,
,,,Order Up,OrderUp,Dragon,Physical,,,80,160,3360,1760,6720,3520,100%,,,,
,,,Jet Punch,JetPunch,Water,Physical,,,60,120,2520,1320,5040,2640,100%,,,,
,,,Spicy Extract,SpicyExtract,Grass,Status,,,0,0,0,0,0,0,0%,,,,
,,,Spin Out,SpinOut,Steel,Physical,,,100,180,4200,2200,7560,3960,100%,,,,
,,,Population Bomb,PopulationBomb,Normal,Physical,,,20,100,840,440,4200,2200,90%,,,,
,,,Ice Spinner,IceSpinner,Ice,Physical,,,80,160,3360,1760,6720,3520,100%,,,,
,,,Glaive Rush,GlaiveRush,Dragon,Physical,,,120,190,5040,2640,7980,4180,100%,,,,
,,,Revival Blessing,RevivalBlessing,Normal,Status,,,0,0,0,0,0,0,0%,,,,
,,,Salt Cure,SaltCure,Rock,Physical,,,40,100,1680,880,4200,2200,100%,,,,
,,,Triple Dive,TripleDive,Water,Physical,,,30,100,1260,660,4200,2200,95%,,,,
,,,Mortal Spin,MortalSpin,Poison,Physical,,,30,100,1260,660,4200,2200,100%,,,,
,,,Doodle,Doodle,Normal,Status,,,0,0,0,0,0,0,100%,,,,
,,,Fillet Away,FilletAway,Normal,Status,,,0,0,0,0,0,0,0%,,,,
,,,Kowtow Cleave,KowtowCleave,Dark,Physical,,,85,160,3570,1870,6720,3520,0%,,,,
,,,Flower Trick,FlowerTrick,Grass,Physical,,,70,140,2940,1540,5880,3080,0%,,,,
,,,Torch Song,TorchSong,Fire,Special,,,80,160,3360,1760,6720,3520,100%,,,,
,,,Aqua Step,AquaStep,Water,Physical,,,80,160,3360,1760,6720,3520,100%,,,,
,,,Raging Bull,RagingBull,Normal,Physical,,,90,175,3780,1980,7350,3850,100%,,,,
,,,Make It Rain,MakeItRain,Steel,Special,,,120,190,5040,2640,7980,4180,100%,,,,
,,,Psyblade,Psyblade,Psychic,Physical,,,80,160,3360,1760,6720,3520,100%,,,,
,,,Hydro Steam,HydroSteam,Water,Special,,,80,160,3360,1760,6720,3520,100%,,,,
,,,Ruination,Ruination,Dark,Special,,,0,0,0,0,0,0,90%,,,,
,,,Collision Course,CollisionCourse,Fighting,Physical,,,100,180,4200,2200,7560,3960,100%,,,,
,,,Electro Drift,ElectroDrift,Electric,Special,,,100,180,4200,2200,7560,3960,100%,,,,
,,,Shed Tail,ShedTail,Normal,Status,,,0,0,0,0,0,0,0%,,,,
,,,Chilly Reception,ChillyReception,Ice,Status,,,0,0,0,0,0,0,0%,,,,
,,,Tidy Up,TidyUp,Normal,Status,,,0,0,0,0,0,0,0%,,,,
,,,Snowscape,Snowscape,Ice,Status,,,0,0,0,0,0,0,0%,,,,
,,,Pounce,Pounce,Bug,Physical,,,50,100,2100,1100,4200,2200,100%,,,,
,,,Trailblaze,Trailblaze,Grass,Physical,,,50,100,2100,1100,4200,2200,100%,,,,
,,,Chilling Water,ChillingWater,Water,Special,,,50,100,2100,1100,4200,2200,100%,,,,
,,,Hyper Drill,HyperDrill,Normal,Physical,,,100,180,4200,2200,7560,3960,100%,,,,
,,,Twin Beam,TwinBeam,Psychic,Special,,,40,100,1680,880,4200,2200,100%,,,,
,,,Rage Fist,RageFist,Ghost,Physical,,,50,100,2100,1100,4200,2200,100%,,,,
,,,Armor Cannon,ArmorCannon,Fire,Special,,,120,190,5040,2640,7980,4180,100%,,,,
,,,Bitter Blade,BitterBlade,Fire,Physical,,,90,175,3780,1980,7350,3850,100%,,,,
,,,Double Shock,DoubleShock,Electric,Physical,,,120,190,5040,2640,7980,4180,100%,,,,
,,,Gigaton Hammer,GigatonHammer,Steel,Physical,,,160,200,6720,3520,8400,4400,100%,,,,
,,,Comeuppance,Comeuppance,Dark,Physical,,,0,0,0,0,0,0,100%,,,,
,,,Aqua Cutter,AquaCutter,Water,Physical,,,70,140,2940,1540,5880,3080,100%,,,,
,,,Blazing Torque,BlazingTorque,Fire,Physical,,,80,160,3360,1760,6720,3520,100%,,,,
,,,Wicked Torque,WickedTorque,Dark,Physical,,,80,160,3360,1760,6720,3520,100%,,,,
,,,Noxious Torque,NoxiousTorque,Poison,Physical,,,100,180,4200,2200,7560,3960,100%,,,,
,,,Combat Torque,CombatTorque,Fighting,Physical,,,100,180,4200,2200,7560,3960,100%,,,,
,,,Magical Torque,MagicalTorque,Fairy,Physical,,,100,180,4200,2200,7560,3960,100%,,,,
,,,Tera Fire Physical,TeraFirePhysical,Fire,Physical,,,80,160,3360,1760,6720,3520,,,,,
,,,Tera Fighting Physical,TeraFightingPhysical,Fighting,Physical,,,80,160,3360,1760,6720,3520,,,,,
,,,Tera Water Physical,TeraWaterPhysical,Water,Physical,,,80,160,3360,1760,6720,3520,,,,,
,,,Tera Grass Physical,TeraGrassPhysical,Grass,Physical,,,80,160,3360,1760,6720,3520,,,,,
,,,Tera Flying Physical,TeraFlyingPhysical,Flying,Physical,,,80,160,3360,1760,6720,3520,,,,,
,,,Tera Poison Physical,TeraPoisonPhysical,Poison,Physical,,,80,160,3360,1760,6720,3520,,,,,
,,,Tera Electric Physical,TeraElectricPhysical,Electric,Physical,,,80,160,3360,1760,6720,3520,,,,,
,,,Tera Ground Physical,TeraGroundPhysical,Ground,Physical,,,80,160,3360,1760,6720,3520,,,,,
,,,Tera Psychic Physical,TeraPsychicPhysical,Psychic,Physical,,,80,160,3360,1760,6720,3520,,,,,
,,,Tera Rock Physical,TeraRockPhysical,Rock,Physical,,,80,160,3360,1760,6720,3520,,,,,
,,,Tera Ice Physical,TeraIcePhysical,Ice,Physical,,,80,160,3360,1760,6720,3520,,,,,
,,,Tera Bug Physical,TeraBugPhysical,Bug,Physical,,,80,160,3360,1760,6720,3520,,,,,
,,,Tera Dragon Physical,TeraDragonPhysical,Dragon,Physical,,,80,160,3360,1760,6720,3520,,,,,
,,,Tera Dark Physical,TeraDarkPhysical,Dark,Physical,,,80,160,3360,1760,6720,3520,,,,,
,,,Tera Ghost Physical,TeraGhostPhysical,Ghost,Physical,,,80,160,3360,1760,6720,3520,,,,,
,,,Tera Steel Physical,TeraSteelPhysical,Steel,Physical,,,80,160,3360,1760,6720,3520,,,,,
,,,Tera Fairy Physical,TeraFairyPhysical,Fairy,Physical,,,80,160,3360,1760,6720,3520,,,,,
,,,Tera Normal Special,TeraNormalSpecial,Normal,Special,,,80,160,3360,1760,6720,3520,,,,,
,,,Tera Fire Special,TeraFireSpecial,Fire,Special,,,80,160,3360,1760,6720,3520,,,,,
,,,Tera Fighting Special,TeraFightingSpecial,Fighting,Special,,,80,160,3360,1760,6720,3520,,,,,
,,,Tera Water Special,TeraWaterSpecial,Water,Special,,,80,160,3360,1760,6720,3520,,,,,
,,,Tera Grass Special,TeraGrassSpecial,Grass,Special,,,80,160,3360,1760,6720,3520,,,,,
,,,Tera Flying Special,TeraFlyingSpecial,Flying,Special,,,80,160,3360,1760,6720,3520,,,,,
,,,Tera Poison Special,TeraPoisonSpecial,Poison,Special,,,80,160,3360,1760,6720,3520,,,,,
,,,Tera Electric Special,TeraElectricSpecial,Electric,Special,,,80,160,3360,1760,6720,3520,,,,,
,,,Tera Ground Special,TeraGroundSpecial,Ground,Special,,,80,160,3360,1760,6720,3520,,,,,
,,,Tera Psychic Special,TeraPsychicSpecial,Psychic,Special,,,80,160,3360,1760,6720,3520,,,,,
,,,Tera Rock Special,TeraRockSpecial,Rock,Special,,,80,160,3360,1760,6720,3520,,,,,
,,,Tera Ice Special,TeraIceSpecial,Ice,Special,,,80,160,3360,1760,6720,3520,,,,,
,,,Tera Bug Special,TeraBugSpecial,Bug,Special,,,80,160,3360,1760,6720,3520,,,,,
,,,Tera Dragon Special,TeraDragonSpecial,Dragon,Special,,,80,160,3360,1760,6720,3520,,,,,
,,,Tera Dark Special,TeraDarkSpecial,Dark,Special,,,80,160,3360,1760,6720,3520,,,,,
,,,Tera Ghost Special,TeraGhostSpecial,Ghost,Special,,,80,160,3360,1760,6720,3520,,,,,
,,,Tera Steel Special,TeraSteelSpecial,Steel,Special,,,80,160,3360,1760,6720,3520,,,,,
,,,Tera Fairy Special,TeraFairySpecial,Fairy,Special,,,80,160,3360,1760,6720,3520,,,,,
,,,Multi-Attack,MultiAttack,Normal,Physical,,,120,190,5040,2640,7980,4180,,,,,
,,,Multi-Attack Fire,MultiAttackFire,Fire,Physical,,,120,190,5040,2640,7980,4180,,,,,
,,,Multi-Attack Fighting,MultiAttackFighting,Fighting,Physical,,,120,190,5040,2640,7980,4180,,,,,
,,,Multi-Attack Water,MultiAttackWater,Water,Physical,,,120,190,5040,2640,7980,4180,,,,,
,,,Multi-Attack Grass,MultiAttackGrass,Grass,Physical,,,120,190,5040,2640,7980,4180,,,,,
,,,Multi-Attack Flying,MultiAttackFlying,Flying,Physical,,,120,190,5040,2640,7980,4180,,,,,
,,,Multi-Attack Poison,MultiAttackPoison,Poison,Physical,,,120,190,5040,2640,7980,4180,,,,,
,,,Multi-Attack Electric,MultiAttackElectric,Electric,Physical,,,120,190,5040,2640,7980,4180,,,,,
,,,Multi-Attack Ground,MultiAttackGround,Ground,Physical,,,120,190,5040,2640,7980,4180,,,,,
,,,Multi-Attack Psychic,MultiAttackPsychic,Psychic,Physical,,,120,190,5040,2640,7980,4180,,,,,
,,,Multi-Attack Rock,MultiAttackRock,Rock,Physical,,,120,190,5040,2640,7980,4180,,,,,
,,,Multi-Attack Ice,MultiAttackIce,Ice,Physical,,,120,190,5040,2640,7980,4180,,,,,
,,,Multi-Attack Bug,MultiAttackBug,Bug,Physical,,,120,190,5040,2640,7980,4180,,,,,
,,,Multi-Attack Dragon,MultiAttackDragon,Dragon,Physical,,,120,190,5040,2640,7980,4180,,,,,
,,,Multi-Attack Dark,MultiAttackDark,Dark,Physical,,,120,190,5040,2640,7980,4180,,,,,
,,,Multi-Attack Ghost,MultiAttackGhost,Ghost,Physical,,,120,190,5040,2640,7980,4180,,,,,
,,,Multi-Attack Steel,MultiAttackSteel,Steel,Physical,,,120,190,5040,2640,7980,4180,,,,,
,,,Multi-Attack Fairy,MultiAttackFairy,Fairy,Physical,,,120,190,5040,2640,7980,4180,,,,,
,,,Judgment,Judgment,Normal,Special,,,100,180,4200,2200,7560,3960,,,,,
,,,Judgment Fire,JudgmentFire,Fire,Special,,,100,180,4200,2200,7560,3960,,,,,
,,,Judgment Fighting,JudgmentFighting,Fighting,Special,,,100,180,4200,2200,7560,3960,,,,,
,,,Judgment Water,JudgmentWater,Water,Special,,,100,180,4200,2200,7560,3960,,,,,
,,,Judgment Grass,JudgmentGrass,Grass,Special,,,100,180,4200,2200,7560,3960,,,,,
,,,Judgment Flying,JudgmentFlying,Flying,Special,,,100,180,4200,2200,7560,3960,,,,,
,,,Judgment Poison,JudgmentPoison,Poison,Special,,,100,180,4200,2200,7560,3960,,,,,
,,,Judgment Electric,JudgmentElectric,Electric,Special,,,100,180,4200,2200,7560,3960,,,,,
,,,Judgment Ground,JudgmentGround,Ground,Special,,,100,180,4200,2200,7560,3960,,,,,
,,,Judgment Psychic,JudgmentPsychic,Psychic,Special,,,100,180,4200,2200,7560,3960,,,,,
,,,Judgment Rock,JudgmentRock,Rock,Special,,,100,180,4200,2200,7560,3960,,,,,
,,,Judgment Ice,JudgmentIce,Ice,Special,,,100,180,4200,2200,7560,3960,,,,,
,,,Judgment Bug,JudgmentBug,Bug,Special,,,100,180,4200,2200,7560,3960,,,,,
,,,Judgment Dragon,JudgmentDragon,Dragon,Special,,,100,180,4200,2200,7560,3960,,,,,
,,,Judgment Dark,JudgmentDark,Dark,Special,,,100,180,4200,2200,7560,3960,,,,,
,,,Judgment Ghost,JudgmentGhost,Ghost,Special,,,100,180,4200,2200,7560,3960,,,,,
,,,Judgment Steel,JudgmentSteel,Steel,Special,,,100,180,4200,2200,7560,3960,,,,,
,,,Judgment Fairy,JudgmentFairy,Fairy,Special,,,100,180,4200,2200,7560,3960,,,,,
,,,Revelation Dance Fire,RevelationDanceFire,Fire,Special,,,90,175,3780,1980,7350,3850,,,,,
,,,Revelation Dance Psychic,RevelationDancePsychic,Psychic,Special,,,90,175,3780,1980,7350,3850,,,,,
,,,Revelation Dance Electric,RevelationDanceElectric,Electric,Special,,,90,175,3780,1980,7350,3850,,,,,
,,,Revelation Dance Ghost,RevelationDanceGhost,Ghost,Special,,,90,175,3780,1980,7350,3850,,,,,
,,,Weather Ball,WeatherBall,Normal,Special,,,50,160,2100,1100,6720,3520,,,,,
,,,Weather Ball Sun,WeatherBallSun,Fire,Special,,,100,180,4200,2200,7560,3960,,,,,
,,,Weather Ball Rain,WeatherBallRain,Water,Special,,,100,180,4200,2200,7560,3960,,,,,
,,,Weather Ball Ice,WeatherBallIce,Ice,Special,,,100,180,4200,2200,7560,3960,,,,,
,,,Weather Ball Rock,WeatherBallRock,Rock,Special,,,100,180,4200,2200,7560,3960,,,,,
,,,Natural Gift Fire,NaturalGiftFire,Fire,Physical,,,100,180,4200,2200,7560,3960,,,,,
,,,Natural Gift Fighting,NaturalGiftFighting,Fighting,Physical,,,100,180,4200,2200,7560,3960,,,,,
,,,Natural Gift Water,NaturalGiftWater,Water,Physical,,,100,180,4200,2200,7560,3960,,,,,
,,,Natural Gift Grass,NaturalGiftGrass,Grass,Physical,,,100,180,4200,2200,7560,3960,,,,,
,,,Natural Gift Flying,NaturalGiftFlying,Flying,Physical,,,100,180,4200,2200,7560,3960,,,,,
,,,Natural Gift Poison,NaturalGiftPoison,Poison,Physical,,,100,180,4200,2200,7560,3960,,,,,
,,,Natural Gift Electric,NaturalGiftElectric,Electric,Physical,,,100,180,4200,2200,7560,3960,,,,,
,,,Natural Gift Ground,NaturalGiftGround,Ground,Physical,,,100,180,4200,2200,7560,3960,,,,,
,,,Natural Gift Psychic,NaturalGiftPsychic,Psychic,Physical,,,100,180,4200,2200,7560,3960,,,,,
,,,Natural Gift Rock,NaturalGiftRock,Rock,Physical,,,100,180,4200,2200,7560,3960,,,,,
,,,Natural Gift Ice,NaturalGiftIce,Ice,Physical,,,100,180,4200,2200,7560,3960,,,,,
,,,Natural Gift Bug,NaturalGiftBug,Bug,Physical,,,100,180,4200,2200,7560,3960,,,,,
,,,Natural Gift Dragon,NaturalGiftDragon,Dragon,Physical,,,100,180,4200,2200,7560,3960,,,,,
,,,Natural Gift Dark,NaturalGiftDark,Dark,Physical,,,100,180,4200,2200,7560,3960,,,,,
,,,Natural Gift Ghost,NaturalGiftGhost,Ghost,Physical,,,100,180,4200,2200,7560,3960,,,,,
,,,Natural Gift Steel,NaturalGiftSteel,Steel,Physical,,,100,180,4200,2200,7560,3960,,,,,
,,,Natural Gift Fairy,NaturalGiftFairy,Fairy,Physical,,,100,180,4200,2200,7560,3960,,,,,
,,,Techno Blast,TechnoBlast,Normal,Special,,,120,190,5040,2640,7980,4180,,,,,
,,,Techno Blast (Fire),TechnoBlast(Fire),Fire,Special,,,120,190,5040,2640,7980,4180,,,,,
,,,Techno Blast (Ice),TechnoBlast(Ice),Ice,Special,,,120,190,5040,2640,7980,4180,,,,,
,,,Techno Blast (Water),TechnoBlast(Water),Water,Special,,,120,190,5040,2640,7980,4180,,,,,
,,,Techno Blast (Electric),TechnoBlast(Electric),Electric,Special,,,120,190,5040,2640,7980,4180,,,,,
,,,Avalanche (Boosted),Avalanche(Boosted),Ice,Physical,,,120,190,5040,2640,7980,4180,,,,,
,,,Barb Barrage,BarbBarrage,Poison,Physical,,,60,120,2520,1320,5040,2640,,,,,
,,,Barb Barrage (Boosted),BarbBarrage(Boosted),Poison,Physical,,,120,190,5040,2640,7980,4180,,,,,
,,,Bitter Malice,BitterMalice,Ghost,Special,,,75,140,3150,1650,5880,3080,,,,,
,,,Bleakwind Storm,BleakwindStorm,Flying,Special,,,100,180,4200,2200,7560,3960,,,,,
,,,Ceaseless Edge,CeaselessEdge,Dark,Physical,,,65,120,2730,1430,5040,2640,,,,,
,,,Chloroblast,Chloroblast,Grass,Special,,,150,200,6300,3300,8400,4400,,,,,
,,,Dire Claw,DireClaw,Poison,Physical,,,80,160,3360,1760,6720,3520,,,,,
,,,Esper Wing,EsperWing,Psychic,Special,,,80,160,3360,1760,6720,3520,,,,,
,,,Headlong Rush,HeadlongRush,Ground,Physical,,,120,190,5040,2640,7980,4180,,,,,
,,,Infernal Parade,InfernalParade,Ghost,Special,,,60,120,2520,1320,5040,2640,,,,,
,,,Infernal Parade (Boosted),InfernalParade(Boosted),Ghost,Special,,,120,190,5040,2640,7980,4180,,,,,
,,,Lunar Blessing,LunarBlessing,Psychic,Status,,,0,0,0,0,0,0,,,,,
,,,Mountain Gale,MountainGale,Ice,Physical,,,100,180,4200,2200,7560,3960,,,,,
,,,Mystical Power,MysticalPower,Psychic,Special,,,70,140,2940,1540,5880,3080,,,,,
,,,Power Shift,PowerShift,Normal,Status,,,0,0,0,0,0,0,,,,,
,,,Psyshield Bash,PsyshieldBash,Psychic,Physical,,,70,140,2940,1540,5880,3080,,,,,
,,,Raging Fury,RagingFury,Fire,Physical,,,120,190,5040,2640,7980,4180,,,,,
,,,Sandsear Storm,SandsearStorm,Ground,Special,,,100,180,4200,2200,7560,3960,,,,,
,,,Shelter,Shelter,Steel,Status,,,0,0,0,0,0,0,,,,,
,,,Springtide Storm,SpringtideStorm,Fairy,Special,,,100,180,4200,2200,7560,3960,,,,,
,,,Stone Axe,StoneAxe,Rock,Physical,,,65,120,2730,1430,5040,2640,,,,,
,,,Take Heart,TakeHeart,Psychic,Status,,,0,0,0,0,0,0,,,,,
,,,Triple Arrows,TripleArrows,Fighting,Physical,,,90,175,3780,1980,7350,3850,,,,,
,,,Victory Dance,VictoryDance,Fighting,Status,,,0,0,0,0,0,0,,,,,
,,,Wildbolt Storm,WildboltStorm,Electric,Special,,,100,180,4200,2200,7560,3960,,,,,
,,,Knock Off (Boosted),KnockOff(Boosted),Dark,Physical,,,97.5,0,4095,2145,0,0,,,,,
,,,Stealth Rock,StealthRock,Rock,Status,,32,0,,0,0,0,0,,,,,
,,,Aura Wheel,AuraWheel,Dark,Physical,,,110,,4620,2420,0,0,,,,,
,,,Acrobatics (Boosted),Acrobatics(Boosted),Flying,Physical,,,110,100,4620,2420,4200,2200,100%,,,,
,,,Blood Moon,BloodMoon,Normal,Special,,5,140,100,5880,3080,4200,2200,,,,,
,,,Matcha Gotcha,MatchaGotcha,Grass,Special,,15,80,90,3360,1760,3780,1980,,,,,
,,,Syrup Bomb,SyrupBomb,Grass,Special,,10,60,85,2520,1320,3570,1870,,,,,
,,,Ivy Cudgel,IvyCudgel,Grass,Physical,,0,100,0,4200,2200,0,0,,,,,
,,,Facade (Boosted),Facade(Boosted),Normal,Physical,,0,140,140,5880,3080,5880,3080,,,,,
,,,Electro Shot,ElectroShot,Electric,Special,,,130,195,5460,2860,8190,4290,,,,,
,,,Tera Starstorm,TeraStarstorm,Normal,Special,,,120,190,5040,2640,7980,4180,,,,,
,,,Fickle Beam,FickleBeam,Dragon,Special,,,80,160,3360,1760,6720,3520,,,,,
,,,Fickle Beam (Boosted),FickleBeam(Boosted),Dragon,Special,,,160,160,6720,3520,6720,3520,,,,,
,,,Burning Bulwark,BurningBulwark,Fire,Status,,,0,0,0,0,0,0,,,,,
,,,Thunderclap,Thunderclap,Electric,Special,,,70,140,2940,1540,5880,3080,,,,,
,,,Mighty Cleave,MightyCleave,Rock,Physical,,,95,175,3990,2090,7350,3850,,,,,
,,,Tachyon Cutter,TachyonCutter,Steel,Special,,,50,100,2100,1100,4200,2200,,,,,
,,,Hard Press,HardPress,Steel,Physical,,,0,0,0,0,0,0,,,,,
,,,Dragon Cheer,DragonCheer,Dragon,Status,,,0,0,0,0,0,0,,,,,
,,,Alluring Voice,AlluringVoice,Fairy,Special,,,80,160,3360,1760,6720,3520,,,,,
,,,Temper Flare,TemperFlare,Fire,Physical,,,75,140,3150,1650,5880,3080,,,,,
,,,Temper Flare (Boosted),TemperFlare(Boosted),Fire,Physical,,,150,140,6300,3300,5880,3080,,,,,
,,,Supercell Slam,SupercellSlam,Electric,Physical,,,100,180,4200,2200,7560,3960,,,,,
,,,Psychic Noise,PsychicNoise,Psychic,special,,,75,140,3150,1650,5880,3080,,,,,
,,,Upper Hand,UpperHand,Fighting,Physical,,,65,120,2730,1430,5040,2640,,,,,
,,,Malignant Chain,MalignantChain,Poison,special,,,100,180,4200,2200,7560,3960,,,,,
,,,Stellar Tera Blast Phy,StellarTeraBlastPhy,NONE,Physical,,,80,,,,,,,,,,
,,,Stellar Tera Blast Spe,StellarTeraBlastSpe,NONE,Special,,,80,,,,,,,,,,
,,,Nihil Light,NihilLight,Dragon,Special,,,200,,,,,,,,,,
,,,Paleo Wave,PaleoWave,Rock,Speecial,,,85,,,,,,,,,,
,,,Shadow Strike,ShadowStrike,Ghost,Physical,,,80,,,,,,,,,,
,,,Polar Flare,PolarFlare,Fire,Special,,,75,,,,,,,,,,